-- phpMyAdmin SQL Dump
-- version 4.7.0
-- https://www.phpmyadmin.net/
--
-- Host: 127.0.0.1
-- Generation Time: Feb 21, 2018 at 10:54 PM
-- Server version: 10.1.25-MariaDB
-- PHP Version: 5.6.31

SET SQL_MODE = "NO_AUTO_VALUE_ON_ZERO";
SET AUTOCOMMIT = 0;
START TRANSACTION;
SET time_zone = "+00:00";


/*!40101 SET @OLD_CHARACTER_SET_CLIENT=@@CHARACTER_SET_CLIENT */;
/*!40101 SET @OLD_CHARACTER_SET_RESULTS=@@CHARACTER_SET_RESULTS */;
/*!40101 SET @OLD_COLLATION_CONNECTION=@@COLLATION_CONNECTION */;
/*!40101 SET NAMES utf8mb4 */;

--
-- Database: `nano_pos`
--

-- --------------------------------------------------------

--
-- Table structure for table `customers`
--

CREATE TABLE `customers` (
  `id` int(11) NOT NULL,
  `name` varchar(100) NOT NULL,
  `owners_name` varchar(100) NOT NULL,
  `address` varchar(150) NOT NULL,
  `email` varchar(100) NOT NULL,
  `mobile` varchar(20) NOT NULL,
  `total_expense` float NOT NULL DEFAULT '0',
  `total_paid` float NOT NULL DEFAULT '0',
  `total_due` float NOT NULL DEFAULT '0',
  `active` tinyint(4) NOT NULL DEFAULT '1',
  `added_by` int(3) NOT NULL,
  `updated_by` int(3) NOT NULL,
  `created` datetime NOT NULL DEFAULT CURRENT_TIMESTAMP,
  `updated` datetime NOT NULL DEFAULT '0000-00-00 00:00:00' ON UPDATE CURRENT_TIMESTAMP,
  `deleted` varchar(4) DEFAULT NULL
) ENGINE=InnoDB DEFAULT CHARSET=latin1;

--
-- Dumping data for table `customers`
--

INSERT INTO `customers` (`id`, `name`, `owners_name`, `address`, `email`, `mobile`, `total_expense`, `total_paid`, `total_due`, `active`, `added_by`, `updated_by`, `created`, `updated`, `deleted`) VALUES
(2, 'Mr. g', 'sdgawg', 'dhdhdet', 'sharmin_salma077@yahoo.com', '01673706800', 0, 0, 0, 1, 2, 1, '2017-11-30 00:29:04', '2018-02-07 01:04:39', NULL),
(3, 'Mr. f', 'abc', 'abc', 'sharmin_salma077@yahoo.com', '01673706800', 0, 0, 0, 1, 2, 1, '2017-11-30 01:00:39', '2018-02-07 01:04:22', NULL),
(4, 'Mr. abc', 'abc2', 'abc', 'sharmin_salma077@yahoo.com', '016737068', 0, 0, 0, 1, 2, 1, '2017-11-30 01:01:05', '2018-02-07 01:04:10', NULL),
(5, 'Mr. def', 'sdgawg', 'dhdhdet', 'authynody@gmail.com', '01673706800', 0, 0, 0, 1, 2, 1, '2017-11-30 01:01:43', '2018-02-07 01:03:46', NULL),
(6, 'Mr. ez', 'sdgawg', 'dhdhdet', 'authynody1@gmail.com1', '0167370680011', 0, 0, 0, 1, 2, 1, '2017-11-30 01:02:24', '2018-02-12 00:34:11', NULL),
(7, 'Md. Ashraful Alam', 'we', 'wrgwergserg', 'sharmin_salma077@yahoo.com', '016737068001', 900, 900, 0, 1, 2, 1, '2017-11-30 01:09:22', '2018-02-20 02:45:13', NULL),
(8, 'Mr. b', 'myCompany', 'Dhaka', 'sharmin_salma077@yahoo.com', '01914109237', 0, 0, 0, 1, 2, 1, '2017-11-30 01:43:25', '2018-02-20 02:45:35', NULL),
(9, 'Mr. d', 'myCompany', 'ergserg', 'sharmin_salma077@yahoo.com', '01673706800', 200, 200, 0, 1, 2, 1, '2017-12-17 02:28:06', '2018-02-20 02:53:24', NULL),
(10, 'Mr. c', 'myCompany1', 'Dhaka', 'sharmin_salma077@yahoo.com', '01673706800', 0, 20, -20, 1, 2, 1, '2017-12-17 02:32:15', '2018-02-20 02:45:56', NULL),
(11, 'Mr. xyz', 'def', 'Dhaka', 'authynody@gmail.com', '12345678', 222, 444, -222, 1, 1, 1, '2018-01-16 01:01:13', '2018-02-20 02:46:16', NULL),
(12, 'Mr. a', 'ergserg', 'egsegseg', 'esrgwe@wergwsreg', '01673706800', 821, 821, 0, 1, 1, 1, '2018-01-17 01:12:57', '2018-02-20 02:47:55', NULL),
(13, 'Mr. z', 'ergserg', 'egsegseg11', 'esrgwe@wergwsreg11', '016737068001', 100, 100, 0, 1, 1, 1, '2018-01-17 01:13:06', '2018-02-20 02:47:35', NULL),
(14, 'Mr. y', 'ergserg11', 'egsegseg11', 'esrgwe@wergwsreg1111', '01673706800111', 2441, 2441, 0, 1, 1, 1, '2018-01-17 01:13:12', '2018-02-20 02:47:08', NULL),
(15, 'Sharmin Salma', 'Do', 'Jatrabari', 'sharmin_salma077@yahoo.com', '1992834y29423946', 5860, 5060, 800, 1, 1, 0, '2018-01-21 12:11:40', '2018-02-22 00:06:25', NULL),
(16, 'Mr. xz', 'xdfbxdfhx', 'hrthr', 'taniatasnova2@gmail.com', 'fgseth', 44, 50, -6, 1, 1, 1, '2018-01-28 02:08:37', '2018-02-20 02:48:18', NULL);

-- --------------------------------------------------------

--
-- Table structure for table `customers_payment_log`
--

CREATE TABLE `customers_payment_log` (
  `id` int(11) NOT NULL,
  `customer_id` int(11) NOT NULL,
  `amount` float NOT NULL,
  `old_total_expense` float NOT NULL,
  `updated_total_expense` float NOT NULL,
  `old_total_paid` float NOT NULL,
  `updated_total_paid` float NOT NULL,
  `old_total_due` float NOT NULL,
  `updated_total_due` float NOT NULL,
  `remarks` varchar(255) NOT NULL,
  `added_by` int(11) NOT NULL,
  `updated_by` int(11) NOT NULL,
  `created` datetime NOT NULL DEFAULT CURRENT_TIMESTAMP,
  `updated` datetime DEFAULT NULL ON UPDATE CURRENT_TIMESTAMP,
  `deleted` datetime DEFAULT NULL ON UPDATE CURRENT_TIMESTAMP
) ENGINE=InnoDB DEFAULT CHARSET=latin1;

--
-- Dumping data for table `customers_payment_log`
--

INSERT INTO `customers_payment_log` (`id`, `customer_id`, `amount`, `old_total_expense`, `updated_total_expense`, `old_total_paid`, `updated_total_paid`, `old_total_due`, `updated_total_due`, `remarks`, `added_by`, `updated_by`, `created`, `updated`, `deleted`) VALUES
(1, 15, 777, 1554, 2331, 0, 0, 1554, 2331, '92', 1, 0, '2018-02-11 16:30:37', NULL, NULL),
(2, 15, 200, 2331, 2531, 0, 200, 2331, 2331, '93', 1, 0, '2018-02-11 16:32:17', NULL, NULL),
(3, 15, 0, 2531, 2531, 200, 422, 2331, 2109, 'Test', 1, 0, '2018-02-12 19:17:47', NULL, NULL),
(4, 15, 0, 2531, 2531, 422, 444, 2109, 2087, 'Test2', 1, 0, '2018-02-12 19:19:42', NULL, NULL),
(5, 15, 0, 2531, 2531, 444, 446, 2087, 2085, 'test', 1, 0, '2018-02-12 19:20:27', NULL, NULL),
(6, 15, 0, 2531, 2531, 446, 448, 2085, 2083, 'Test 3', 1, 0, '2018-02-12 19:21:10', NULL, NULL),
(7, 15, 0, 2531, 2531, 448, 450, 2083, 2081, 'test4', 0, 0, '2018-02-12 19:21:28', NULL, NULL),
(8, 15, 0, 2531, 2531, 450, 452, 2081, 2079, 'Test5', 1, 0, '2018-02-12 19:28:58', NULL, NULL),
(9, 15, 0, 2531, 2531, 452, 454, 2079, 2077, 'Test6', 1, 0, '2018-02-12 19:29:11', NULL, NULL),
(10, 15, 2, 2531, 2531, 454, 456, 2077, 2075, 'test7', 1, 0, '2018-02-12 19:38:58', NULL, NULL),
(11, 14, 200, 0, 0, 0, 200, 0, -200, '22', 1, 0, '2018-02-12 23:42:15', NULL, NULL),
(12, 14, 777, 0, 777, 200, 200, -200, 577, '94', 1, 0, '2018-02-12 23:42:42', NULL, NULL),
(13, 14, 1000, 777, 777, 200, 1200, 577, -423, 'test', 1, 0, '2018-02-12 23:43:43', NULL, NULL),
(14, 14, 22, 777, 799, 1200, 1200, -423, -401, '95', 1, 0, '2018-02-12 23:55:58', NULL, NULL),
(15, 15, 777, 2531, 3308, 456, 556, 2075, 2752, '96', 1, 0, '2018-02-13 00:01:13', NULL, NULL),
(16, 14, 22, 799, 821, 1200, 1200, -401, -379, '97', 1, 0, '2018-02-13 00:01:59', NULL, NULL),
(17, 14, 22, 821, 843, 1200, 1200, -379, -357, '98', 1, 0, '2018-02-13 00:02:27', NULL, NULL),
(18, 14, 22, 843, 865, 1200, 1200, -357, -335, '99', 1, 0, '2018-02-13 00:03:34', NULL, NULL),
(19, 15, 799, 3308, 4107, 556, 556, 2752, 3551, '100', 1, 0, '2018-02-13 00:51:19', NULL, NULL),
(20, 14, 22, 865, 887, 1200, 1200, -335, -313, '101', 1, 0, '2018-02-13 00:51:47', NULL, NULL),
(21, 14, 777, 887, 1664, 1200, 1200, -313, 464, '102', 1, 0, '2018-02-13 00:53:18', NULL, NULL),
(22, 14, 500, 1664, 1664, 1200, 1700, 464, -36, 'Test10', 1, 0, '2018-02-13 00:58:41', NULL, NULL),
(23, 14, 777, 1664, 2441, 1700, 1700, -36, 741, '103', 1, 0, '2018-02-13 00:58:54', NULL, NULL),
(24, 12, 22, 0, 22, 0, 0, 0, 22, '104', 1, 0, '2018-02-13 01:00:19', NULL, NULL),
(25, 12, 777, 22, 799, 0, 0, 22, 799, '105', 1, 0, '2018-02-13 01:00:41', NULL, NULL),
(26, 16, 22, 0, 22, 0, 0, 0, 22, '106', 1, 0, '2018-02-13 01:02:59', NULL, NULL),
(27, 16, 22.22, 22, 44.22, 0, 0, 22, 44.22, '107', 1, 0, '2018-02-13 01:04:32', NULL, NULL),
(28, 15, 4000, 4107, 4107, 556, 4556, 3551, -449, 'Test 11', 1, 0, '2018-02-13 01:36:36', NULL, NULL),
(29, 15, 449, 4107, 4107, 4556, 4556, -449, 0, 'Test12 With Draw', 1, 0, '2018-02-13 01:48:15', NULL, NULL),
(30, 14, 1000, 2441, 2441, 1700, 2700, 741, -259, 'gerg', 1, 0, '2018-02-13 01:48:34', NULL, NULL),
(31, 14, 259, 2441, 2441, 2700, 2700, -259, 0, 'QEFAWRGAERG', 1, 0, '2018-02-13 01:48:46', NULL, NULL),
(32, 15, 200, 4107, 4107, 4556, 4756, 0, -649, 'wethw4t', 1, 0, '2018-02-15 01:12:16', NULL, NULL),
(33, 15, 1, 4107, 4107, 4756, 4757, -649, -650, 'qwdqed', 1, 0, '2018-02-15 01:12:58', NULL, NULL),
(34, 15, 10, 4107, 4107, 4757, 4757, -650, -660, 'test13', 1, 0, '2018-02-15 01:21:22', NULL, NULL),
(35, 15, 10, 4107, 4107, 4757, 4757, -660, -650, 'test14', 1, 0, '2018-02-15 01:21:54', NULL, NULL),
(36, 15, 22, 4107, 4129, 4757, 4757, -650, -650, '108', 1, 0, '2018-02-15 01:22:25', NULL, NULL),
(37, 15, 10, 4129, 4129, 4757, 4757, -650, -660, 'errgserg', 1, 0, '2018-02-15 01:32:57', NULL, NULL),
(38, 15, 22, 4129, 4151, 4757, 4757, -660, -660, '109', 1, 0, '2018-02-15 01:33:22', NULL, NULL),
(39, 15, 22, 4151, 4173, 4757, 4757, -660, -660, '110', 1, 0, '2018-02-15 01:34:38', NULL, NULL),
(40, 15, 22, 4173, 4195, 4757, 4757, -660, -660, '111', 1, 0, '2018-02-15 01:35:07', NULL, NULL),
(41, 15, 22, 4195, 4217, 4757, 4757, -660, -660, '112', 1, 0, '2018-02-15 01:35:37', NULL, NULL),
(42, 15, 22, 4217, 4239, 4757, 4779, -660, -638, '113', 1, 0, '2018-02-15 01:42:38', NULL, NULL),
(43, 13, 22, 0, 22, 0, 0, 0, 0, '114', 1, 0, '2018-02-15 01:43:34', NULL, NULL),
(44, 11, 222, 0, 222, 0, 0, 0, 222, '115', 1, 0, '2018-02-15 01:45:57', NULL, NULL),
(45, 11, 222, 222, 222, 0, 222, 222, 0, 'test15', 1, 0, '2018-02-15 01:46:34', NULL, NULL),
(46, 12, 22, 799, 821, 0, 20, 799, 801, '116', 1, 0, '2018-02-15 01:47:29', NULL, NULL),
(47, 12, 1000, 821, 821, 20, 1020, 801, -199, 'fgseh', 1, 0, '2018-02-15 01:48:36', NULL, NULL),
(48, 15, 638, 4239, 4239, 4779, 4779, -638, 0, 'ergwreg', 1, 0, '2018-02-19 00:38:28', NULL, NULL),
(49, 9, 200, 0, 0, 0, 200, 0, -200, 'Test16', 1, 0, '2018-02-19 01:33:10', NULL, NULL),
(50, 9, 200, 0, 0, 200, 200, -200, -400, 'Test17', 1, 0, '2018-02-19 01:34:39', NULL, NULL),
(51, 9, 200, 0, 0, 200, 200, -400, -200, 'egseg', 1, 0, '2018-02-19 01:35:49', NULL, NULL),
(52, 9, 200, 0, 0, 200, 200, -200, 0, 'rthtrh', 1, 0, '2018-02-19 01:36:56', NULL, NULL),
(53, 9, 200, 0, 0, 200, 400, 0, -400, 'tthsth', 1, 0, '2018-02-19 01:39:04', NULL, NULL),
(54, 9, 200, 0, 0, 400, 400, -400, -200, '5yue5u', 1, 0, '2018-02-19 01:40:04', NULL, NULL),
(55, 9, 200, 0, 0, 400, 400, -200, 0, 'rthst4hs', 1, 0, '2018-02-19 01:40:26', NULL, NULL),
(56, 12, 199, 821, 821, 1020, 1020, -199, 0, 'hgswth', 1, 0, '2018-02-19 01:40:49', NULL, NULL),
(57, 15, 21, 4239, 4239, 4779, 4800, 0, -561, 'hgcud', 1, 0, '2018-02-19 01:52:42', NULL, NULL),
(58, 13, 100, 22, 22, 0, 100, 0, -78, 'jydfi', 1, 0, '2018-02-19 01:53:39', NULL, NULL),
(59, 16, 50, 44.22, 44.22, 0, 50, 44.22, -5.78, 'gfj', 1, 0, '2018-02-20 00:53:55', NULL, NULL),
(60, 16, 5, 44.22, 44.22, 50, 50, -5.78, -0.78, 'jfjff', 1, 0, '2018-02-20 00:54:15', NULL, NULL),
(61, 11, 222, 222, 222, 222, 444, 0, -222, 'Test', 1, 0, '2018-02-20 01:29:57', NULL, NULL),
(62, 11, 222, 222, 222, 444, 444, -222, 0, 'test', 1, 0, '2018-02-20 01:30:23', NULL, NULL),
(63, 10, 20, 0, 0, 0, 20, 0, -20, 'jhgif', 1, 0, '2018-02-20 01:33:22', NULL, NULL),
(64, 10, 20, 0, 0, 20, 20, -20, 0, ',jky7if', 1, 0, '2018-02-20 01:33:35', NULL, NULL),
(65, 13, 78, 22, 100, 100, 178, -78, 0, '117', 1, 0, '2018-02-20 01:34:57', NULL, NULL),
(66, 8, 20, 0, 0, 0, 20, 0, -20, 'SDw', 1, 0, '2018-02-20 01:37:04', NULL, NULL),
(67, 7, 20, 0, 0, 0, 0, 0, 0, 'hsethst', 1, 0, '2018-02-20 01:40:39', NULL, NULL),
(68, 7, 20, 0, 0, 0, 0, 0, 0, 'argarw', 1, 0, '2018-02-20 01:41:15', NULL, NULL),
(69, 7, 20, 0, 0, 0, 0, 0, 0, 'esrysery', 1, 0, '2018-02-20 01:41:48', NULL, NULL),
(70, 8, 20, 0, 0, 20, 20, -20, 0, 'gswerga3', 1, 0, '2018-02-20 01:42:13', NULL, NULL),
(71, 8, 20, 0, 0, 20, 20, 0, -20, 'rgserg', 1, 0, '2018-02-20 01:42:26', NULL, NULL),
(72, 15, 222, 4239, 4461, 4800, 5022, -561, -339, '118', 1, 0, '2018-02-20 01:43:00', NULL, NULL),
(73, 15, 339, 4461, 4461, 5022, 5022, -339, 0, 'asdwdv', 1, 0, '2018-02-20 01:44:45', NULL, NULL),
(74, 15, 200, 4461, 4661, 5022, 5022, 0, -361, '119', 1, 0, '2018-02-20 01:45:08', NULL, NULL),
(75, 15, 361, 4661, 4661, 5022, 5022, -361, 0, 'ertw3', 1, 0, '2018-02-20 01:46:24', NULL, NULL),
(76, 15, 999, 4661, 5660, 5022, 5022, 0, 638, '120', 1, 0, '2018-02-20 01:46:48', NULL, NULL),
(77, 15, 38, 5660, 5660, 5022, 5060, 638, 600, 'ergwe', 1, 0, '2018-02-20 02:09:04', NULL, NULL),
(78, 7, 20, 0, 0, 0, 0, 0, 0, 'trgwtg', 1, 0, '2018-02-20 02:09:44', NULL, NULL),
(79, 7, 100, 0, 0, 0, 100, 0, -100, 'erga', 1, 0, '2018-02-20 02:13:03', NULL, NULL),
(80, 7, 200, 0, 200, 100, 300, -100, 100, '121', 1, 0, '2018-02-20 02:20:46', NULL, NULL),
(81, 7, 200, 300, 500, 200, 200, 100, 300, '122', 1, 0, '2018-02-20 02:28:51', NULL, NULL),
(82, 7, 200, 500, 700, 200, 300, 300, 400, '123', 1, 0, '2018-02-20 02:30:25', NULL, NULL),
(83, 7, 200, 700, 900, 300, 800, 400, 100, '124', 1, 0, '2018-02-20 02:32:21', NULL, NULL),
(84, 7, 200, 900, 900, 800, 1000, 100, -100, 'hjfuddy', 1, 0, '2018-02-20 02:34:27', NULL, NULL),
(85, 7, 100, 900, 900, 1000, 1000, -100, 0, 'test', 1, 0, '2018-02-20 02:35:12', NULL, NULL),
(86, 7, 100, 900, 900, 1000, 900, -100, 0, 'w4tyw4', 1, 0, '2018-02-20 02:37:29', NULL, NULL),
(87, 10, 100, 0, 0, 20, 20, -20, -120, 'Test', 1, 0, '2018-02-20 02:41:11', NULL, NULL),
(88, 7, 100, 900, 900, 900, 1000, 0, -100, 'dfaw', 1, 0, '2018-02-20 02:42:10', NULL, NULL),
(89, 10, 20, 0, 0, 20, 20, -120, -140, 'rtyhet', 1, 0, '2018-02-20 02:42:22', NULL, NULL),
(90, 7, 100, 900, 900, 1000, 1000, -100, -200, 'tyjrty', 1, 0, '2018-02-20 02:42:41', NULL, NULL),
(91, 7, 100, 900, 900, 1000, 1100, -100, -200, '45yw4ty', 1, 0, '2018-02-20 02:44:33', NULL, NULL),
(92, 7, 100, 900, 900, 1100, 1000, -200, -100, 'trhe4t', 1, 0, '2018-02-20 02:44:59', NULL, NULL),
(93, 7, 100, 900, 900, 1000, 900, -100, 0, 'thert', 1, 0, '2018-02-20 02:45:13', NULL, NULL),
(94, 8, 20, 0, 0, 20, 0, -20, 0, 'rt4ye4t', 1, 0, '2018-02-20 02:45:35', NULL, NULL),
(95, 9, 350, 0, 0, 400, 50, -400, -50, 'test', 1, 0, '2018-02-20 02:48:56', NULL, NULL),
(96, 9, 200, 0, 200, 50, 50, -50, 150, '125', 1, 0, '2018-02-20 02:51:56', NULL, NULL),
(97, 9, 150, 200, 200, 50, 200, 150, 0, 'sgar', 1, 0, '2018-02-20 02:53:24', NULL, NULL),
(98, 15, 200, 5660, 5860, 5060, 5060, 600, 800, '126', 1, 0, '2018-02-22 00:06:25', NULL, NULL);

-- --------------------------------------------------------

--
-- Table structure for table `inventory`
--

CREATE TABLE `inventory` (
  `id` int(11) NOT NULL,
  `product_id` int(11) NOT NULL,
  `quantity` float NOT NULL DEFAULT '0',
  `active` tinyint(4) NOT NULL DEFAULT '1',
  `added_by` int(3) NOT NULL,
  `updated_by` int(3) NOT NULL,
  `created` datetime NOT NULL DEFAULT CURRENT_TIMESTAMP,
  `updated` datetime NOT NULL DEFAULT '0000-00-00 00:00:00' ON UPDATE CURRENT_TIMESTAMP,
  `deleted` varchar(4) DEFAULT NULL
) ENGINE=InnoDB DEFAULT CHARSET=latin1;

--
-- Dumping data for table `inventory`
--

INSERT INTO `inventory` (`id`, `product_id`, `quantity`, `active`, `added_by`, `updated_by`, `created`, `updated`, `deleted`) VALUES
(1, 20, 3005, 1, 1, 1, '2017-12-01 01:49:18', '2018-02-20 01:34:57', NULL),
(2, 19, 2533, 1, 2, 1, '2017-12-02 02:05:11', '2018-02-20 01:46:48', NULL),
(3, 22, 42, 1, 2, 1, '2017-12-02 02:05:11', '2018-02-20 01:46:48', NULL),
(4, 72, 299, 1, 2, 1, '2017-12-06 03:16:54', '2018-02-22 01:34:01', NULL),
(8, 69, 34, 1, 2, 1, '2017-12-06 03:32:03', '2018-02-09 21:47:53', NULL),
(10, 67, 976, 1, 2, 1, '2017-12-06 03:33:57', '2018-02-09 21:47:53', NULL),
(11, 8, 1000, 1, 2, 0, '2017-12-06 03:47:14', '2018-01-27 23:59:32', NULL),
(12, 68, 1000, 1, 2, 0, '2017-12-06 21:26:45', '2018-01-27 23:59:32', NULL),
(26, 70, 1000, 1, 0, 0, '2017-12-06 23:02:56', '2018-01-27 23:59:32', NULL),
(27, 61, 30, 1, 0, 1, '2017-12-06 23:05:56', '2018-01-28 16:14:41', NULL),
(28, 50, 29, 1, 0, 1, '2017-12-06 23:27:43', '2018-01-28 15:21:26', NULL),
(29, 59, 500, 1, 0, 0, '2017-12-06 23:34:22', '2018-01-27 23:59:32', NULL),
(30, 44, 31, 1, 2, 1, '2017-12-06 23:38:46', '2018-01-29 04:03:50', NULL),
(31, 41, 20, 1, 1, 1, '2018-01-28 00:30:27', '2018-01-28 16:15:00', NULL);

-- --------------------------------------------------------

--
-- Table structure for table `inventory_log`
--

CREATE TABLE `inventory_log` (
  `id` int(11) NOT NULL,
  `inventory_id` int(11) NOT NULL,
  `supplier_id` int(11) NOT NULL,
  `buy_price` float NOT NULL,
  `old_quantity` float NOT NULL,
  `quantity` float NOT NULL,
  `updated_quantity` float NOT NULL,
  `inventory_type` int(1) NOT NULL,
  `remarks` text NOT NULL,
  `active` tinyint(4) NOT NULL DEFAULT '1',
  `added_by` int(3) NOT NULL,
  `updated_by` int(3) NOT NULL,
  `created` datetime NOT NULL DEFAULT CURRENT_TIMESTAMP,
  `updated` datetime NOT NULL DEFAULT '0000-00-00 00:00:00' ON UPDATE CURRENT_TIMESTAMP,
  `deleted` varchar(4) DEFAULT NULL
) ENGINE=InnoDB DEFAULT CHARSET=latin1;

--
-- Dumping data for table `inventory_log`
--

INSERT INTO `inventory_log` (`id`, `inventory_id`, `supplier_id`, `buy_price`, `old_quantity`, `quantity`, `updated_quantity`, `inventory_type`, `remarks`, `active`, `added_by`, `updated_by`, `created`, `updated`, `deleted`) VALUES
(1, 1, 8, 0, 0, 12, 0, 0, 'arwfaref', 1, 1, 1, '2017-12-02 01:24:25', '2018-01-28 01:21:13', NULL),
(2, 1, 8, 0, 0, 1000, 0, 0, 'sdfawdf', 1, 1, 1, '2017-12-02 01:27:02', '2018-01-28 01:21:13', NULL),
(3, 1, 8, 0, 0, 11, 0, 1, 'ergser', 1, 1, 1, '2017-12-02 01:27:50', '2018-01-28 01:21:13', NULL),
(4, 1, 8, 0, 0, 1000, 0, 1, 'Newly add', 1, 1, 1, '2017-12-02 02:03:00', '2018-01-28 01:21:13', NULL),
(5, 2, 8, 0, 0, 1000, 0, 1, 'New add', 1, 1, 1, '2017-12-02 02:13:08', '2018-01-28 01:21:13', NULL),
(6, 3, 8, 0, 0, 1000, 0, 1, 'rgazr', 1, 1, 1, '2017-12-02 02:17:37', '2018-01-28 01:21:13', NULL),
(7, 4, 8, 0, 0, 1000, 0, 1, 'new', 1, 2, 1, '2017-12-06 03:27:08', '2018-01-28 01:21:13', NULL),
(8, 12, 8, 0, 0, 1000, 0, 1, 'New Add', 1, 2, 1, '2017-12-17 03:26:34', '2018-01-28 01:21:13', NULL),
(9, 11, 8, 0, 0, 1000, 0, 1, 'New Add', 1, 2, 1, '2017-12-17 03:26:49', '2018-01-28 01:21:13', NULL),
(10, 10, 8, 0, 0, 1000, 0, 1, 'New Add', 1, 2, 1, '2017-12-17 03:26:57', '2018-01-28 01:22:07', NULL),
(11, 8, 8, 0, 0, 1000, 0, 1, 'New Add', 1, 2, 2, '2017-12-17 03:27:01', '2018-01-28 01:21:31', NULL),
(12, 26, 8, 0, 0, 1000, 0, 1, 'New Add', 1, 2, 2, '2017-12-17 03:27:05', '2018-01-28 01:21:31', NULL),
(13, 27, 8, 0, 0, 1000, 0, 1, 'New Add', 1, 2, 2, '2017-12-17 03:27:08', '2018-01-28 01:21:31', NULL),
(14, 2, 8, 0, 0, 500, 0, 1, 'jjjj', 1, 2, 2, '2017-12-17 03:28:53', '2018-01-28 01:21:31', NULL),
(15, 28, 8, 0, 0, 500, 0, 1, 'jjjj', 1, 2, 2, '2017-12-17 03:29:04', '2018-01-28 01:21:31', NULL),
(16, 29, 8, 0, 0, 500, 0, 1, 'jjjj', 1, 2, 2, '2017-12-17 03:29:09', '2018-01-28 01:21:31', NULL),
(17, 30, 8, 0, 0, 500, 0, 1, 'jjjj', 1, 2, 2, '2017-12-17 03:29:14', '2018-01-28 01:21:31', NULL),
(18, 30, 8, 0, 0, 33, 0, 1, 'asdfadwfa', 1, 1, 2, '2018-01-13 15:47:56', '2018-01-28 01:21:31', NULL),
(19, 4, 0, 0, 0, 1, 0, 2, 'Sales in SalesID#14', 1, 1, 2, '2018-01-13 16:03:18', '2018-01-28 02:44:47', NULL),
(20, 4, 0, 0, 0, 1, 0, 2, 'Sales in SalesID#15', 1, 1, 2, '2018-01-13 16:03:57', '2018-01-28 02:44:47', NULL),
(21, 4, 0, 0, 0, 20, 0, 2, 'Sales in SalesID#16', 1, 1, 1, '2018-01-13 16:04:23', '2018-01-28 02:44:47', NULL),
(22, 4, 0, 0, 0, 100, 0, 2, 'Sales in SalesID#17', 1, 1, 1, '2018-01-13 16:07:17', '2018-01-28 02:44:47', NULL),
(23, 27, 0, 0, 0, 150, 0, 2, 'Sales in SalesID#17', 1, 1, 1, '2018-01-13 16:07:17', '2018-01-28 02:44:47', NULL),
(24, 1, 0, 0, 0, 12, 0, 2, 'SalesID#POS011318151585738954', 1, 1, 1, '2018-01-13 21:29:49', '2018-01-28 02:44:47', NULL),
(25, 1, 0, 0, 0, 12, 0, 2, 'SalesID#POS011318151585823168', 1, 1, 1, '2018-01-13 21:43:52', '2018-01-28 02:44:47', NULL),
(26, 1, 4, 0, 0, 100, 0, 1, 'Test Add', 1, 1, 1, '2018-01-13 21:50:06', '2018-01-28 01:22:19', NULL),
(27, 4, 0, 0, 0, 1, 0, 2, 'SalesID #POS01131815158614998', 1, 1, 1, '2018-01-13 22:38:20', '2018-01-28 02:44:47', NULL),
(28, 1, 0, 0, 0, 1, 0, 2, 'SalesID #POS01131815158616756', 1, 1, 1, '2018-01-13 22:41:15', '2018-01-28 02:44:47', NULL),
(29, 1, 0, 0, 0, 1, 0, 2, 'SalesID #POS011318151586177216', 1, 1, 1, '2018-01-13 22:42:52', '2018-01-28 02:44:47', NULL),
(30, 1, 0, 0, 0, 1, 0, 2, 'SalesID #POS011318151586647327', 1, 1, 1, '2018-01-14 00:01:14', '2018-01-28 02:44:47', NULL),
(31, 2, 0, 0, 0, 1, 0, 2, 'SalesID #POS011318151586656147', 1, 1, 1, '2018-01-14 00:02:41', '2018-01-28 02:44:47', NULL),
(32, 1, 0, 0, 0, 12, 0, 2, 'SalesID #POS011318151586673148', 1, 1, 1, '2018-01-14 00:05:31', '2018-01-28 02:44:47', NULL),
(33, 4, 0, 0, 0, 12, 0, 2, 'SalesID #POS011318151586692679', 1, 1, 1, '2018-01-14 00:08:47', '2018-01-28 02:44:47', NULL),
(34, 8, 4, 0, 0, 960, 0, 0, 'test', 1, 1, 1, '2018-01-14 01:37:41', '2018-01-28 01:38:28', NULL),
(35, 1, 0, 0, 0, 1, 0, 2, 'SalesID #POS011318151587522195', 1, 1, 1, '2018-01-14 02:27:01', '2018-01-28 02:44:47', NULL),
(36, 8, 0, 0, 0, 39, 0, 2, 'SalesID #POS011418151590614728', 1, 1, 1, '2018-01-14 11:02:28', '2018-01-28 02:44:47', NULL),
(37, 8, 4, 0, 0, 60, 0, 1, 'New Add', 1, 1, 1, '2018-01-21 12:13:33', '2018-01-28 01:38:28', NULL),
(38, 1, 0, 0, 0, 1, 0, 2, 'SalesID #POS012118151656567543', 1, 1, 1, '2018-01-22 02:14:36', '2018-01-28 02:44:47', NULL),
(39, 1, 0, 0, 0, 1, 0, 2, 'SalesID #POS012118151656580560', 1, 1, 1, '2018-01-22 02:16:45', '2018-01-28 02:44:47', NULL),
(40, 1, 0, 0, 0, 1, 0, 2, 'SalesID #POS012118151656600224', 1, 1, 1, '2018-01-22 02:20:02', '2018-01-28 02:44:47', NULL),
(41, 1, 0, 0, 0, 1, 0, 2, 'SalesID #POS01211815165667893', 1, 1, 1, '2018-01-22 02:33:09', '2018-01-28 02:44:47', NULL),
(42, 2, 0, 0, 0, 12, 0, 2, 'SalesID #POS012118151656689951', 1, 1, 1, '2018-01-22 02:34:59', '2018-01-28 02:44:47', NULL),
(43, 8, 0, 0, 0, 14, 0, 2, 'SalesID #POS012118151656689951', 1, 1, 1, '2018-01-22 02:34:59', '2018-01-28 02:44:47', NULL),
(44, 27, 0, 0, 0, 14, 0, 2, 'SalesID #POS012118151656689951', 1, 1, 1, '2018-01-22 02:34:59', '2018-01-28 02:44:47', NULL),
(45, 30, 0, 0, 0, 1, 0, 2, 'SalesID #POS012118151656689951', 1, 1, 1, '2018-01-22 02:34:59', '2018-01-28 02:44:47', NULL),
(46, 4, 0, 0, 0, 1, 0, 2, 'SalesID #POS012118151656689951', 1, 1, 1, '2018-01-22 02:35:00', '2018-01-28 02:44:47', NULL),
(47, 10, 0, 0, 0, 10, 0, 2, 'SalesID #POS012118151656716793', 1, 1, 1, '2018-01-22 02:39:27', '2018-01-28 02:44:47', NULL),
(48, 1, 0, 0, 0, 15, 0, 2, 'SalesID #POS012118151656716793', 1, 1, 1, '2018-01-22 02:39:27', '2018-01-28 02:44:47', NULL),
(49, 8, 0, 0, 0, 11, 0, 2, 'SalesID #POS012118151656716793', 1, 1, 1, '2018-01-22 02:39:27', '2018-01-28 02:44:47', NULL),
(50, 27, 0, 0, 0, 12, 0, 2, 'SalesID #POS012118151656716793', 1, 1, 1, '2018-01-22 02:39:28', '2018-01-28 02:44:47', NULL),
(51, 28, 0, 0, 0, 1, 20, 2, 'SalesID #POS012118151656716793', 1, 1, 1, '2018-01-22 02:39:28', '2018-01-28 15:53:21', NULL),
(52, 1, 0, 0, 0, 1, 0, 2, 'SalesID #POS012118151656788739', 1, 1, 1, '2018-01-22 02:51:27', '2018-01-28 02:44:47', NULL),
(53, 1, 0, 0, 0, 1, 0, 2, 'SalesID #POS012118151656798415', 1, 1, 1, '2018-01-22 02:53:04', '2018-01-28 02:44:47', NULL),
(54, 3, 0, 0, 0, 1, 0, 2, 'SalesID #POS012118151656798415', 1, 1, 1, '2018-01-22 02:53:04', '2018-01-28 02:44:47', NULL),
(55, 8, 0, 0, 0, 1, 0, 2, 'SalesID #POS012118151656798415', 1, 1, 1, '2018-01-22 02:53:04', '2018-01-28 02:44:47', NULL),
(56, 2, 0, 0, 0, 1, 0, 2, 'SalesID #POS012118151656805942', 1, 1, 1, '2018-01-22 02:54:20', '2018-01-28 02:44:47', NULL),
(57, 1, 0, 0, 0, 122, 0, 2, 'SalesID #POS012118151656875425', 1, 1, 1, '2018-01-22 03:05:54', '2018-01-28 02:44:47', NULL),
(58, 1, 0, 0, 0, 1, 0, 2, 'SalesID #POS01241815168205792', 1, 1, 1, '2018-01-25 01:03:00', '2018-01-28 02:44:47', NULL),
(59, 1, 0, 0, 0, 1, 0, 2, 'SalesID #POS012418151682443054', 1, 1, 1, '2018-01-25 02:07:10', '2018-01-28 02:44:47', NULL),
(60, 3, 0, 0, 0, 1, 0, 2, 'SalesID #POS012418151682443054', 1, 1, 1, '2018-01-25 02:07:10', '2018-01-28 02:44:47', NULL),
(61, 1, 0, 0, 0, 1, 0, 2, 'SalesID #POS012418151682474580', 1, 1, 1, '2018-01-25 02:12:25', '2018-01-28 02:44:47', NULL),
(62, 1, 0, 0, 0, 1, 0, 2, 'SalesID #POS012418151682477898', 1, 1, 1, '2018-01-25 02:12:59', '2018-01-28 02:44:47', NULL),
(63, 1, 0, 0, 0, 1, 0, 2, 'SalesID #POS012418151682512060', 1, 1, 1, '2018-01-25 02:18:40', '2018-01-28 02:44:47', NULL),
(64, 1, 0, 0, 0, 1, 0, 2, 'SalesID #POS012418151682517766', 1, 1, 1, '2018-01-25 02:19:37', '2018-01-28 02:44:47', NULL),
(65, 1, 0, 0, 0, 1, 0, 2, 'SalesID #POS01241815168252185', 1, 1, 1, '2018-01-25 02:20:18', '2018-01-28 02:44:47', NULL),
(66, 1, 0, 0, 0, 1, 0, 2, 'SalesID #POS012418151682538724', 1, 1, 1, '2018-01-25 02:23:07', '2018-01-28 02:44:47', NULL),
(67, 1, 0, 0, 0, 1, 0, 2, 'SalesID #POS012418151682543276', 1, 1, 1, '2018-01-25 02:23:52', '2018-01-28 02:44:47', NULL),
(68, 1, 0, 0, 0, 1, 0, 2, 'SalesID #POS012418151682545445', 1, 1, 1, '2018-01-25 02:24:14', '2018-01-28 02:44:47', NULL),
(69, 1, 0, 0, 0, 1, 0, 2, 'SalesID #POS012418151682555355', 1, 1, 1, '2018-01-25 02:25:53', '2018-01-28 02:44:47', NULL),
(70, 1, 0, 0, 0, 1, 0, 2, 'SalesID #POS012418151682559050', 1, 1, 1, '2018-01-25 02:26:30', '2018-01-28 02:44:47', NULL),
(71, 1, 0, 0, 0, 1, 0, 2, 'SalesID #POS012418151682570984', 1, 1, 1, '2018-01-25 02:28:29', '2018-01-28 02:44:47', NULL),
(72, 1, 0, 0, 0, 1, 0, 2, 'SalesID #POS012418151682573265', 1, 1, 1, '2018-01-25 02:28:52', '2018-01-28 02:44:47', NULL),
(73, 1, 0, 0, 0, 1, 0, 2, 'SalesID #POS01241815168258649', 1, 1, 1, '2018-01-25 02:31:04', '2018-01-28 02:44:47', NULL),
(74, 2, 0, 0, 0, 1, 0, 2, 'SalesID #POS012418151682597335', 1, 1, 1, '2018-01-25 02:32:53', '2018-01-28 02:44:47', NULL),
(75, 1, 0, 0, 0, 1, 0, 2, 'SalesID #POS012418151682614391', 1, 1, 1, '2018-01-25 02:35:44', '2018-01-28 02:44:47', NULL),
(76, 1, 0, 0, 0, 1, 0, 2, 'SalesID #POS012418151682627420', 1, 1, 1, '2018-01-25 02:37:54', '2018-01-28 02:44:47', NULL),
(77, 1, 0, 0, 0, 1, 0, 2, 'SalesID #POS012418151682647633', 1, 1, 1, '2018-01-25 02:41:16', '2018-01-28 02:44:47', NULL),
(78, 1, 0, 0, 0, 1, 0, 2, 'SalesID #POS012418151682660420', 1, 1, 1, '2018-01-25 02:43:24', '2018-01-28 02:44:47', NULL),
(79, 1, 0, 0, 0, 1, 0, 2, 'SalesID #POS01241815168267266', 1, 1, 1, '2018-01-25 02:45:26', '2018-01-28 02:44:47', NULL),
(80, 1, 0, 0, 0, 1, 0, 2, 'SalesID #POS012418151682680275', 1, 1, 1, '2018-01-25 02:46:42', '2018-01-28 02:44:47', NULL),
(81, 1, 0, 0, 0, 1, 0, 2, 'SalesID #POS012418151682687569', 1, 1, 1, '2018-01-25 02:47:55', '2018-01-28 02:44:47', NULL),
(82, 1, 0, 0, 0, 1, 0, 2, 'SalesID #POS012418151682708292', 1, 1, 1, '2018-01-25 02:51:23', '2018-01-28 02:44:47', NULL),
(83, 2, 0, 0, 0, 1, 0, 2, 'SalesID #POS012418151682712981', 1, 1, 1, '2018-01-25 02:52:09', '2018-01-28 02:44:47', NULL),
(84, 1, 0, 0, 0, 1, 0, 2, 'SalesID #POS012418151682733130', 1, 1, 1, '2018-01-25 02:55:31', '2018-01-28 02:44:47', NULL),
(85, 1, 0, 0, 0, 1, 0, 2, 'SalesID #POS012418151682751128', 1, 1, 1, '2018-01-25 02:58:31', '2018-01-28 02:44:47', NULL),
(86, 1, 0, 0, 0, 1, 0, 2, 'SalesID #POS012418151682756916', 1, 1, 1, '2018-01-25 02:59:29', '2018-01-28 02:44:47', NULL),
(87, 1, 0, 0, 0, 1, 0, 2, 'SalesID #POS0124181516827616100', 1, 1, 1, '2018-01-25 03:00:16', '2018-01-28 02:44:47', NULL),
(88, 1, 0, 0, 0, 1, 0, 2, 'SalesID #POS012418151682851023', 1, 1, 1, '2018-01-25 03:15:10', '2018-01-28 02:44:47', NULL),
(89, 3, 0, 0, 0, 1, 0, 2, 'SalesID #POS012418151682856798', 1, 1, 1, '2018-01-25 03:16:07', '2018-01-28 02:44:47', NULL),
(90, 1, 0, 0, 0, 1, 0, 2, 'SalesID #POS012418151682856798', 1, 1, 1, '2018-01-25 03:16:07', '2018-01-28 02:44:47', NULL),
(91, 1, 0, 0, 0, 1, 0, 2, 'SalesID #POS012418151682891278', 1, 1, 1, '2018-01-25 03:21:52', '2018-01-28 02:44:47', NULL),
(92, 1, 0, 0, 0, 1, 0, 2, 'SalesID #POS012418151682897393', 1, 1, 1, '2018-01-25 03:22:53', '2018-01-28 02:44:47', NULL),
(93, 1, 0, 0, 0, 1, 0, 2, 'SalesID #POS012718151706614398', 1, 1, 1, '2018-01-27 21:15:43', '2018-01-28 02:44:47', NULL),
(94, 1, 0, 0, 0, 12, 0, 2, 'SalesID #POS012718151707658583', 1, 1, 1, '2018-01-28 00:09:45', '2018-01-28 02:44:47', NULL),
(95, 4, 0, 0, 0, 14, 0, 2, 'SalesID #POS012718151707658583', 1, 1, 1, '2018-01-28 00:09:45', '2018-01-28 02:44:47', NULL),
(96, 10, 0, 0, 0, 12, 0, 2, 'SalesID #POS012718151707658583', 1, 1, 1, '2018-01-28 00:09:45', '2018-01-28 02:44:47', NULL),
(97, 27, 0, 0, 0, 10, 0, 2, 'SalesID #POS012718151707658583', 1, 1, 1, '2018-01-28 00:09:45', '2018-01-28 02:44:47', NULL),
(98, 1, 0, 0, 0, 10, 0, 2, 'SalesID #POS012718151707734981', 1, 1, 1, '2018-01-28 00:22:29', '2018-01-28 02:44:47', NULL),
(99, 2, 0, 0, 0, 1, 0, 2, 'SalesID #POS012718151707740629', 1, 1, 1, '2018-01-28 00:23:26', '2018-01-28 02:44:47', NULL),
(100, 2, 4, 0, 0, 11, 0, 1, 'qwd2q', 1, 1, 1, '2018-01-28 00:37:26', '2018-01-28 01:38:28', NULL),
(101, 2, 4, 0, 0, 6, 0, 1, 'qwd2q', 1, 1, 1, '2018-01-28 00:37:33', '2018-01-28 01:38:28', NULL),
(102, 2, 8, 0, 0, 11, 0, 1, 'wdfawef', 1, 1, 1, '2018-01-28 01:35:26', '2018-01-28 02:46:35', NULL),
(103, 2, 8, 0, 0, 1, 0, 1, 'wdfawefweqa3tr', 1, 1, 1, '2018-01-28 01:35:44', '2018-01-28 02:46:35', NULL),
(104, 2, 8, 0, 0, 1, 0, 1, 'west', 1, 2, 0, '2018-01-28 01:39:26', '2018-01-28 03:28:32', NULL),
(105, 2, 8, 0, 0, 1, 0, 1, 'wefef', 1, 1, 0, '2018-01-28 01:40:24', '2018-01-28 02:46:35', NULL),
(106, 2, 8, 0, 0, 1, 0, 1, 'hjfl.d', 1, 1, 0, '2018-01-28 01:44:48', '0000-00-00 00:00:00', NULL),
(107, 2, 0, 0, 0, 1, 0, 2, 'SalesID #POS012718151708460789', 1, 1, 0, '2018-01-28 02:23:27', '0000-00-00 00:00:00', NULL),
(108, 2, 0, 0, 2514, 1, 0, 2, 'SalesID #POS012718151708679036', 1, 1, 0, '2018-01-28 02:59:50', '0000-00-00 00:00:00', NULL),
(109, 2, 9, 0, 2513, 10, 0, 1, 'efawr', 1, 1, 0, '2018-01-28 03:16:00', '0000-00-00 00:00:00', NULL),
(110, 2, 9, 0, 2523, 11, 2534, 1, 'qdweffe', 1, 1, 0, '2018-01-28 03:24:16', '0000-00-00 00:00:00', NULL),
(111, 2, 9, 100, 2534, 11, 2545, 1, 'gsaergserg', 1, 1, 0, '2018-01-28 03:43:43', '0000-00-00 00:00:00', NULL),
(112, 28, 9, 1, 499, 470, 29, 0, 'test', 1, 1, 0, '2018-01-28 15:21:26', '0000-00-00 00:00:00', NULL),
(113, 27, 8, 12, 814, 814, 0, 0, 'agarwgawr', 1, 1, 0, '2018-01-28 15:22:30', '0000-00-00 00:00:00', NULL),
(114, 4, 7, 22, 850, 820, 30, 0, 'gzsedgszetd', 1, 1, 0, '2018-01-28 15:23:21', '0000-00-00 00:00:00', NULL),
(115, 30, 6, 0, 532, 500, 32, 0, 'uilogi7l', 1, 1, 0, '2018-01-28 15:25:12', '0000-00-00 00:00:00', NULL),
(116, 3, 4, 100, 1097, 1050, 47, 0, 't', 1, 1, 0, '2018-01-28 15:26:32', '0000-00-00 00:00:00', NULL),
(117, 3, 4, 100, 47, 1050, -1003, 0, 't', 1, 1, 0, '2018-01-28 15:26:32', '0000-00-00 00:00:00', NULL),
(118, 3, 7, 33, -1003, 1050, -2053, 0, 'wefqwef', 1, 1, 0, '2018-01-28 15:27:19', '0000-00-00 00:00:00', NULL),
(119, 3, 6, 11, -2053, 2100, 47, 1, 'wqefqef', 1, 1, 0, '2018-01-28 15:27:45', '0000-00-00 00:00:00', NULL),
(120, 27, 7, 222, 0, 30, 30, 1, 'rtqa3t3', 1, 1, 0, '2018-01-28 16:14:41', '0000-00-00 00:00:00', NULL),
(121, 31, 6, 111, 0, 20, 20, 1, 'ergserg', 1, 1, 0, '2018-01-28 16:15:00', '0000-00-00 00:00:00', NULL),
(122, 2, 0, 0, 2545, 1, 2544, 2, 'SalesID #POS012818151717702924', 1, 1, 0, '2018-01-29 04:03:49', '0000-00-00 00:00:00', NULL),
(123, 4, 0, 0, 30, 1, 29, 2, 'SalesID #POS012818151717702924', 1, 1, 0, '2018-01-29 04:03:49', '0000-00-00 00:00:00', NULL),
(124, 10, 0, 0, 978, 1, 977, 2, 'SalesID #POS012818151717702924', 1, 1, 0, '2018-01-29 04:03:49', '0000-00-00 00:00:00', NULL),
(125, 30, 0, 0, 32, 1, 31, 2, 'SalesID #POS012818151717702924', 1, 1, 0, '2018-01-29 04:03:50', '0000-00-00 00:00:00', NULL),
(126, 1, 0, 0, 3029, 3, 3026, 2, 'SalesID #POS020718151803443761', 1, 1, 0, '2018-02-08 02:13:57', '0000-00-00 00:00:00', NULL),
(127, 2, 0, 0, 2544, 1, 2543, 2, 'SalesID #POS020718151803443761', 1, 1, 0, '2018-02-08 02:13:57', '0000-00-00 00:00:00', NULL),
(128, 4, 0, 0, 29, 2, 27, 2, 'SalesID #POS020718151803443761', 1, 1, 0, '2018-02-08 02:13:58', '0000-00-00 00:00:00', NULL),
(129, 3, 0, 0, 47, 1, 46, 2, 'SalesID #POS020718151803443761', 1, 1, 0, '2018-02-08 02:13:58', '0000-00-00 00:00:00', NULL),
(130, 2, 0, 0, 2543, 1, 2542, 2, 'SalesID #POS020718151803451046', 1, 1, 0, '2018-02-08 02:15:10', '0000-00-00 00:00:00', NULL),
(131, 3, 0, 0, 46, 1, 45, 2, 'SalesID #POS020718151803453436', 1, 1, 0, '2018-02-08 02:15:34', '0000-00-00 00:00:00', NULL),
(132, 1, 0, 0, 3026, 1, 3025, 2, 'SalesID #POS020718151803461169', 1, 1, 0, '2018-02-08 02:16:51', '0000-00-00 00:00:00', NULL),
(133, 1, 0, 0, 3025, 1, 3024, 2, 'SalesID #POS02071815180348039', 1, 1, 0, '2018-02-08 02:20:03', '0000-00-00 00:00:00', NULL),
(134, 1, 0, 0, 3024, 1, 3023, 2, 'SalesID #POS020918151819127373', 1, 1, 0, '2018-02-09 21:47:53', '0000-00-00 00:00:00', NULL),
(135, 8, 0, 0, 35, 1, 34, 2, 'SalesID #POS020918151819127373', 1, 1, 0, '2018-02-09 21:47:53', '0000-00-00 00:00:00', NULL),
(136, 10, 0, 0, 977, 1, 976, 2, 'SalesID #POS020918151819127373', 1, 1, 0, '2018-02-09 21:47:53', '0000-00-00 00:00:00', NULL),
(137, 2, 0, 0, 2542, 1, 2541, 2, 'SalesID #POS020918151819143788', 1, 1, 0, '2018-02-09 21:50:37', '0000-00-00 00:00:00', NULL),
(138, 2, 0, 0, 2541, 1, 2540, 2, 'SalesID #POS021118151834503625', 1, 1, 0, '2018-02-11 16:30:37', '0000-00-00 00:00:00', NULL),
(139, 4, 0, 0, 27, 1, 26, 2, 'SalesID #POS021118151834513742', 1, 1, 0, '2018-02-11 16:32:17', '0000-00-00 00:00:00', NULL),
(140, 2, 0, 0, 2540, 1, 2539, 2, 'SalesID #POS021218151845736266', 1, 1, 0, '2018-02-12 23:42:42', '0000-00-00 00:00:00', NULL),
(141, 1, 0, 0, 3023, 1, 3022, 2, 'SalesID #POS021218151845815898', 1, 1, 0, '2018-02-12 23:55:58', '0000-00-00 00:00:00', NULL),
(142, 2, 0, 0, 2539, 1, 2538, 2, 'SalesID #POS021218151845847372', 1, 1, 0, '2018-02-13 00:01:13', '0000-00-00 00:00:00', NULL),
(143, 1, 0, 0, 3022, 1, 3021, 2, 'SalesID #POS021218151845851977', 1, 1, 0, '2018-02-13 00:01:59', '0000-00-00 00:00:00', NULL),
(144, 1, 0, 0, 3021, 1, 3020, 2, 'SalesID #POS021218151845854717', 1, 1, 0, '2018-02-13 00:02:27', '0000-00-00 00:00:00', NULL),
(145, 1, 0, 0, 3020, 1, 3019, 2, 'SalesID #POS021218151845861487', 1, 1, 0, '2018-02-13 00:03:34', '0000-00-00 00:00:00', NULL),
(146, 2, 0, 0, 2538, 1, 2537, 2, 'SalesID #POS021218151846147969', 1, 1, 0, '2018-02-13 00:51:19', '0000-00-00 00:00:00', NULL),
(147, 1, 0, 0, 3019, 1, 3018, 2, 'SalesID #POS021218151846147969', 1, 1, 0, '2018-02-13 00:51:19', '0000-00-00 00:00:00', NULL),
(148, 1, 0, 0, 3018, 1, 3017, 2, 'SalesID #POS02121815184615073', 1, 1, 0, '2018-02-13 00:51:47', '0000-00-00 00:00:00', NULL),
(149, 2, 0, 0, 2537, 1, 2536, 2, 'SalesID #POS021218151846159892', 1, 1, 0, '2018-02-13 00:53:18', '0000-00-00 00:00:00', NULL),
(150, 2, 0, 0, 2536, 1, 2535, 2, 'SalesID #POS021218151846193496', 1, 1, 0, '2018-02-13 00:58:54', '0000-00-00 00:00:00', NULL),
(151, 1, 0, 0, 3017, 1, 3016, 2, 'SalesID #POS021218151846201827', 1, 1, 0, '2018-02-13 01:00:19', '0000-00-00 00:00:00', NULL),
(152, 2, 0, 0, 2535, 1, 2534, 2, 'SalesID #POS021218151846204170', 1, 1, 0, '2018-02-13 01:00:41', '0000-00-00 00:00:00', NULL),
(153, 1, 0, 0, 3016, 1, 3015, 2, 'SalesID #POS021218151846217937', 1, 1, 0, '2018-02-13 01:02:59', '0000-00-00 00:00:00', NULL),
(154, 1, 0, 0, 3015, 1, 3014, 2, 'SalesID #POS021218151846227257', 1, 1, 0, '2018-02-13 01:04:33', '0000-00-00 00:00:00', NULL),
(155, 1, 0, 0, 3014, 1, 3013, 2, 'SalesID #POS021418151863614528', 1, 1, 0, '2018-02-15 01:22:26', '0000-00-00 00:00:00', NULL),
(156, 1, 0, 0, 3013, 1, 3012, 2, 'SalesID #POS021418151863680172', 1, 1, 0, '2018-02-15 01:33:22', '0000-00-00 00:00:00', NULL),
(157, 1, 0, 0, 3012, 1, 3011, 2, 'SalesID #POS021418151863687875', 1, 1, 0, '2018-02-15 01:34:38', '0000-00-00 00:00:00', NULL),
(158, 1, 0, 0, 3011, 1, 3010, 2, 'SalesID #POS021418151863690686', 1, 1, 0, '2018-02-15 01:35:07', '0000-00-00 00:00:00', NULL),
(159, 1, 0, 0, 3010, 1, 3009, 2, 'SalesID #POS0214181518636937100', 1, 1, 0, '2018-02-15 01:35:37', '0000-00-00 00:00:00', NULL),
(160, 1, 0, 0, 3009, 1, 3008, 2, 'SalesID #POS021418151863735837', 1, 1, 0, '2018-02-15 01:42:38', '0000-00-00 00:00:00', NULL),
(161, 1, 0, 0, 3008, 1, 3007, 2, 'SalesID #POS02141815186374144', 1, 1, 0, '2018-02-15 01:43:34', '0000-00-00 00:00:00', NULL),
(162, 3, 0, 0, 45, 1, 44, 2, 'SalesID #POS021418151863755776', 1, 1, 0, '2018-02-15 01:45:57', '0000-00-00 00:00:00', NULL),
(163, 1, 0, 0, 3007, 1, 3006, 2, 'SalesID #POS021418151863764982', 1, 1, 0, '2018-02-15 01:47:29', '0000-00-00 00:00:00', NULL),
(164, 1, 0, 0, 3006, 1, 3005, 2, 'SalesID #POS021918151906889740', 1, 1, 0, '2018-02-20 01:34:57', '0000-00-00 00:00:00', NULL),
(165, 3, 0, 0, 44, 1, 43, 2, 'SalesID #POS021918151906938083', 1, 1, 0, '2018-02-20 01:43:00', '0000-00-00 00:00:00', NULL),
(166, 4, 0, 0, 26, 1, 25, 2, 'SalesID #POS02191815190695089', 1, 1, 0, '2018-02-20 01:45:08', '0000-00-00 00:00:00', NULL),
(167, 2, 0, 0, 2534, 1, 2533, 2, 'SalesID #POS021918151906960841', 1, 1, 0, '2018-02-20 01:46:48', '0000-00-00 00:00:00', NULL),
(168, 3, 0, 0, 43, 1, 42, 2, 'SalesID #POS021918151906960841', 1, 1, 0, '2018-02-20 01:46:48', '0000-00-00 00:00:00', NULL),
(169, 4, 0, 0, 25, 1, 24, 2, 'SalesID #POS021918151907164656', 1, 1, 0, '2018-02-20 02:20:46', '0000-00-00 00:00:00', NULL),
(170, 4, 0, 0, 24, 1, 23, 2, 'SalesID #POS021918151907213123', 1, 1, 0, '2018-02-20 02:28:51', '0000-00-00 00:00:00', NULL),
(171, 4, 0, 0, 23, 1, 22, 2, 'SalesID #POS021918151907222584', 1, 1, 0, '2018-02-20 02:30:25', '0000-00-00 00:00:00', NULL),
(172, 4, 0, 0, 22, 1, 21, 2, 'SalesID #POS021918151907234161', 1, 1, 0, '2018-02-20 02:32:21', '0000-00-00 00:00:00', NULL),
(173, 4, 0, 0, 21, 1, 20, 2, 'SalesID #POS021918151907351646', 1, 1, 0, '2018-02-20 02:51:56', '0000-00-00 00:00:00', NULL),
(174, 4, 8, 11, 280, 10, 290, 1, 'fwe', 1, 1, 0, '2018-02-22 00:01:47', '0000-00-00 00:00:00', NULL),
(175, 4, 8, 11, 290, 10, 300, 1, 'erger', 1, 1, 0, '2018-02-22 00:04:27', '0000-00-00 00:00:00', NULL),
(176, 4, 8, 12, 300, 10, 290, 0, 'rgrg', 1, 1, 0, '2018-02-22 00:05:49', '0000-00-00 00:00:00', NULL),
(177, 4, 0, 0, 290, 1, 289, 2, 'SalesID #POS022118151923638571', 1, 1, 0, '2018-02-22 00:06:25', '0000-00-00 00:00:00', NULL),
(178, 4, 6, 120, 289, 10, 299, 1, ',jf', 1, 1, 0, '2018-02-22 01:34:02', '0000-00-00 00:00:00', NULL);

-- --------------------------------------------------------

--
-- Table structure for table `login`
--

CREATE TABLE `login` (
  `id` int(15) NOT NULL,
  `user_id` int(15) NOT NULL,
  `token` varchar(50) NOT NULL,
  `login_time` timestamp NOT NULL DEFAULT CURRENT_TIMESTAMP,
  `logout_time` timestamp NOT NULL DEFAULT '0000-00-00 00:00:00'
) ENGINE=InnoDB DEFAULT CHARSET=latin1;

--
-- Dumping data for table `login`
--

INSERT INTO `login` (`id`, `user_id`, `token`, `login_time`, `logout_time`) VALUES
(1, 1, '', '2017-09-30 20:05:41', '2017-09-30 20:07:23'),
(2, 1, '', '2017-09-30 20:07:04', '2017-09-30 20:07:23'),
(3, 1, '154053ed5023f82bb2d3837dd5', '2017-09-30 20:30:59', '0000-00-00 00:00:00'),
(4, 1, '1681100c240bde4be7cfe4e486', '2017-09-30 20:31:28', '0000-00-00 00:00:00'),
(5, 2, '21044490d9d0c760f6fef5f3b4', '2017-09-30 20:33:27', '0000-00-00 00:00:00'),
(6, 2, '223475e1d27c5be77fbdbb1374', '2017-09-30 20:34:46', '0000-00-00 00:00:00'),
(7, 2, '2340618da263b2486f4717067', '2017-09-30 20:36:15', '0000-00-00 00:00:00'),
(8, 2, '243928c3e6908ec62e91f2857c', '2017-09-30 20:42:49', '2017-09-30 20:42:52'),
(9, 1, '16009339fb2d30c3cb74701ad1', '2017-09-30 20:43:34', '2017-09-30 20:44:33'),
(10, 2, '241267220c590cac4baa8d881', '2017-10-30 06:24:15', '0000-00-00 00:00:00'),
(11, 2, '2929362e6355609e05d8bcbfbf', '2017-10-30 06:27:34', '0000-00-00 00:00:00'),
(12, 2, '2250584b5d3769605c6ab148f2', '2017-10-30 09:16:03', '0000-00-00 00:00:00'),
(13, 2, '2332684b6a8baac4af3afdb47b', '2017-10-30 15:49:05', '0000-00-00 00:00:00'),
(14, 2, '2593eeacebf31bad712c79be', '2017-11-01 09:09:11', '0000-00-00 00:00:00'),
(15, 2, '294693ad23bef301335a6aa0e2', '2017-11-01 09:19:50', '0000-00-00 00:00:00'),
(16, 2, '248594d5a434ca77346cf18250', '2017-11-01 09:20:45', '2017-11-01 11:10:53'),
(17, 2, '24213962aaef005d7f3271e23e', '2017-11-01 11:11:15', '2017-11-01 15:11:31'),
(18, 2, '2557902867fb62badab9242706', '2017-11-01 15:13:13', '0000-00-00 00:00:00'),
(19, 2, '228034accd4ec7cb94f58cfc1f', '2017-11-02 15:15:26', '0000-00-00 00:00:00'),
(20, 2, '29895436f20c4b4a68727da440', '2017-11-02 16:04:35', '0000-00-00 00:00:00'),
(21, 2, '21396527419c2b2353debe67d0', '2017-11-02 16:07:00', '0000-00-00 00:00:00'),
(22, 2, '296171ac1498e9a45ce179d294', '2017-11-02 16:11:48', '0000-00-00 00:00:00'),
(23, 2, '298422d87831c7809db1cf97c', '2017-11-02 16:13:10', '0000-00-00 00:00:00'),
(24, 2, '240476e994b5ce2f0fde2296cc', '2017-11-02 16:56:38', '0000-00-00 00:00:00'),
(25, 2, '290741ad75e67a519a3e5cc119', '2017-11-04 06:31:47', '0000-00-00 00:00:00'),
(26, 2, '2172498eef67976835935ae179', '2017-11-04 06:34:37', '0000-00-00 00:00:00'),
(27, 2, '288483c1375e1149f883e91182', '2017-11-05 08:46:25', '0000-00-00 00:00:00'),
(28, 2, '265744dd6c5431f7c5c9e8f20', '2017-11-05 08:53:45', '0000-00-00 00:00:00'),
(29, 2, '211036bfe4d03af015fb42a25f', '2017-11-05 09:24:57', '0000-00-00 00:00:00'),
(30, 2, '24667405755a5f84308d2426c9', '2017-11-07 04:25:42', '0000-00-00 00:00:00'),
(31, 2, '218485587e602c76aeec227a17', '2017-11-07 04:28:45', '0000-00-00 00:00:00'),
(32, 2, '2247117608966ddfd088757652', '2017-11-08 05:24:00', '0000-00-00 00:00:00'),
(33, 2, '2420115d3ac17d0db5767d8de3', '2017-11-08 05:37:48', '0000-00-00 00:00:00'),
(34, 2, '22091bcae95fae4bb79bfd9d8', '2017-11-23 17:56:13', '2017-11-24 17:06:46'),
(35, 2, '26907949d66992f570aecbbc8', '2017-11-24 17:09:39', '2017-11-30 18:54:58'),
(36, 2, '245463e9fbebba1a13a65bed42', '2017-11-30 18:56:17', '2017-11-30 19:22:59'),
(37, 1, '1599689a72ecf82e36f4428bab', '2017-11-30 19:23:07', '2017-12-02 11:06:17'),
(38, 2, '21276cca5c743f2f8f51c80df', '2017-12-02 11:06:36', '2017-12-16 21:41:55'),
(39, 1, '110120b6f79c39fa01cbd16af6', '2017-12-16 21:42:11', '2018-01-27 22:14:41'),
(40, 1, '15275663d6ee88e3f6011e7838', '2018-01-28 08:51:02', '2018-02-09 15:45:42'),
(41, 1, '126683a15adfdd455b9eb2d43', '2018-02-09 15:46:01', '2018-02-21 15:40:33'),
(42, 1, '127826e090b51ae8168a145d84', '2018-02-21 15:41:53', '0000-00-00 00:00:00');

-- --------------------------------------------------------

--
-- Table structure for table `orders`
--

CREATE TABLE `orders` (
  `id` int(11) NOT NULL,
  `sales_id` int(11) NOT NULL,
  `product_id` int(15) NOT NULL,
  `quantity` float NOT NULL,
  `sale_price` float NOT NULL,
  `active` tinyint(4) NOT NULL DEFAULT '1',
  `added_by` int(2) NOT NULL,
  `created` datetime NOT NULL DEFAULT CURRENT_TIMESTAMP,
  `deleted` varchar(4) DEFAULT NULL
) ENGINE=InnoDB DEFAULT CHARSET=latin1;

--
-- Dumping data for table `orders`
--

INSERT INTO `orders` (`id`, `sales_id`, `product_id`, `quantity`, `sale_price`, `active`, `added_by`, `created`, `deleted`) VALUES
(10, 2147483647, 20, 5, 22, 1, 2, '2017-12-17 02:05:42', NULL),
(11, 2147483647, 22, 7, 222, 1, 2, '2017-12-17 02:05:42', NULL),
(12, 0, 20, 1, 22, 1, 2, '2017-12-17 02:10:19', NULL),
(13, 0, 22, 1, 222, 1, 2, '2017-12-17 02:10:19', NULL),
(14, 2, 20, 1, 22, 1, 2, '2017-12-17 02:18:12', NULL),
(15, 2, 19, 4, 777, 1, 2, '2017-12-17 02:18:12', NULL),
(16, 3, 20, 8, 22, 1, 2, '2017-12-17 02:18:28', NULL),
(17, 3, 19, 4, 777, 1, 2, '2017-12-17 02:18:28', NULL),
(18, 4, 19, 10, 777, 1, 2, '2017-12-17 02:32:44', NULL),
(19, 5, 19, 1, 777, 1, 0, '2017-12-17 02:56:05', NULL),
(20, 6, 19, 10, 777, 1, 2, '2017-12-17 02:57:56', NULL),
(21, 7, 22, 1, 222, 1, 2, '2017-12-17 03:00:03', NULL),
(22, 8, 22, 1, 222, 1, 2, '2017-12-17 03:00:13', NULL),
(23, 9, 61, 10, 100, 1, 2, '2017-12-17 03:32:11', NULL),
(24, 9, 59, 22, 1200, 1, 2, '2017-12-17 03:32:11', NULL),
(25, 10, 59, 14, 1200, 1, 1, '2017-12-17 04:20:54', NULL),
(26, 10, 20, 7, 31, 1, 1, '2017-12-17 04:20:54', NULL),
(27, 10, 61, 1, 100, 1, 1, '2017-12-17 04:20:54', NULL),
(28, 10, 70, 10, 3423, 1, 1, '2017-12-17 04:20:54', NULL),
(29, 10, 44, 12, 222, 1, 1, '2017-12-17 04:20:54', NULL),
(30, 10, 67, 13, 3333, 1, 1, '2017-12-17 04:20:54', NULL),
(31, 17, 72, 100, 200, 1, 1, '2018-01-13 16:07:17', NULL),
(32, 17, 61, 150, 100, 1, 1, '2018-01-13 16:07:17', NULL),
(33, 21, 20, 12, 22, 1, 1, '2018-01-13 21:29:49', NULL),
(34, 22, 20, 12, 22, 1, 1, '2018-01-13 21:43:52', NULL),
(35, 23, 72, 1, 200, 1, 1, '2018-01-13 22:38:20', NULL),
(36, 24, 20, 1, 22, 1, 1, '2018-01-13 22:41:15', NULL),
(37, 25, 20, 1, 22, 1, 1, '2018-01-13 22:42:52', NULL),
(38, 26, 20, 1, 22, 1, 1, '2018-01-14 00:01:14', NULL),
(39, 27, 19, 1, 777, 1, 1, '2018-01-14 00:02:41', NULL),
(40, 28, 20, 12, 22, 1, 1, '2018-01-14 00:05:31', NULL),
(41, 29, 72, 12, 200, 1, 1, '2018-01-14 00:08:47', NULL),
(42, 30, 20, 1, 22, 1, 1, '2018-01-14 02:27:01', NULL),
(43, 31, 69, 39, 2222, 1, 1, '2018-01-14 11:02:28', NULL),
(44, 32, 20, 1, 22, 1, 1, '2018-01-22 02:14:36', NULL),
(45, 33, 20, 1, 22, 1, 1, '2018-01-22 02:16:45', NULL),
(46, 34, 20, 1, 22, 1, 1, '2018-01-22 02:20:02', NULL),
(47, 35, 20, 1, 22, 1, 1, '2018-01-22 02:33:09', NULL),
(48, 36, 19, 12, 777, 1, 1, '2018-01-22 02:34:59', NULL),
(49, 36, 69, 14, 2222, 1, 1, '2018-01-22 02:34:59', NULL),
(50, 36, 61, 14, 100, 1, 1, '2018-01-22 02:34:59', NULL),
(51, 36, 44, 1, 200, 1, 1, '2018-01-22 02:35:00', NULL),
(52, 36, 72, 1, 200, 1, 1, '2018-01-22 02:35:00', NULL),
(53, 37, 67, 10, 333, 1, 1, '2018-01-22 02:39:27', NULL),
(54, 37, 20, 15, 22, 1, 1, '2018-01-22 02:39:27', NULL),
(55, 37, 69, 11, 2222, 1, 1, '2018-01-22 02:39:27', NULL),
(56, 37, 61, 12, 100, 1, 1, '2018-01-22 02:39:28', NULL),
(57, 37, 50, 1, 666, 1, 1, '2018-01-22 02:39:28', NULL),
(58, 38, 20, 1, 22, 1, 1, '2018-01-22 02:51:27', NULL),
(59, 39, 20, 1, 22, 1, 1, '2018-01-22 02:53:04', NULL),
(60, 39, 22, 1, 222, 1, 1, '2018-01-22 02:53:04', NULL),
(61, 39, 69, 1, 2222, 1, 1, '2018-01-22 02:53:04', NULL),
(62, 40, 19, 1, 777, 1, 1, '2018-01-22 02:54:20', NULL),
(63, 41, 20, 122, 2200, 1, 1, '2018-01-22 03:05:54', NULL),
(64, 42, 20, 1, 22, 1, 1, '2018-01-25 01:03:00', NULL),
(65, 43, 20, 1, 22, 1, 1, '2018-01-25 02:07:10', NULL),
(66, 43, 22, 1, 222, 1, 1, '2018-01-25 02:07:10', NULL),
(67, 44, 20, 1, 22, 1, 1, '2018-01-25 02:12:25', NULL),
(68, 45, 20, 1, 22, 1, 1, '2018-01-25 02:12:59', NULL),
(69, 46, 20, 1, 22, 1, 1, '2018-01-25 02:18:40', NULL),
(70, 47, 20, 1, 22, 1, 1, '2018-01-25 02:19:37', NULL),
(71, 48, 20, 1, 22, 1, 1, '2018-01-25 02:20:18', NULL),
(72, 49, 20, 1, 22, 1, 1, '2018-01-25 02:23:07', NULL),
(73, 50, 20, 1, 22, 1, 1, '2018-01-25 02:23:52', NULL),
(74, 51, 20, 1, 22, 1, 1, '2018-01-25 02:24:14', NULL),
(75, 52, 20, 1, 22, 1, 1, '2018-01-25 02:25:53', NULL),
(76, 53, 20, 1, 22, 1, 1, '2018-01-25 02:26:30', NULL),
(77, 54, 20, 1, 22, 1, 1, '2018-01-25 02:28:29', NULL),
(78, 55, 20, 1, 22, 1, 1, '2018-01-25 02:28:52', NULL),
(79, 56, 20, 1, 22, 1, 1, '2018-01-25 02:31:05', NULL),
(80, 57, 19, 1, 777, 1, 1, '2018-01-25 02:32:54', NULL),
(81, 58, 20, 1, 22, 1, 1, '2018-01-25 02:35:44', NULL),
(82, 59, 20, 1, 22, 1, 1, '2018-01-25 02:37:54', NULL),
(83, 60, 20, 1, 22, 1, 1, '2018-01-25 02:41:16', NULL),
(84, 61, 20, 1, 22, 1, 1, '2018-01-25 02:43:24', NULL),
(85, 62, 20, 1, 22, 1, 1, '2018-01-25 02:45:26', NULL),
(86, 63, 20, 1, 22, 1, 1, '2018-01-25 02:46:42', NULL),
(87, 64, 20, 1, 22, 1, 1, '2018-01-25 02:47:55', NULL),
(88, 65, 20, 1, 22, 1, 1, '2018-01-25 02:51:23', NULL),
(89, 66, 19, 1, 777, 1, 1, '2018-01-25 02:52:09', NULL),
(90, 67, 20, 1, 22, 1, 1, '2018-01-25 02:55:31', NULL),
(91, 68, 20, 1, 22, 1, 1, '2018-01-25 02:58:31', NULL),
(92, 69, 20, 1, 22, 1, 1, '2018-01-25 02:59:29', NULL),
(93, 70, 20, 1, 22, 1, 1, '2018-01-25 03:00:16', NULL),
(94, 71, 20, 1, 22, 1, 1, '2018-01-25 03:15:10', NULL),
(95, 72, 22, 1, 222, 1, 1, '2018-01-25 03:16:07', NULL),
(96, 72, 20, 1, 22, 1, 1, '2018-01-25 03:16:07', NULL),
(97, 73, 20, 1, 22, 1, 1, '2018-01-25 03:21:52', NULL),
(98, 74, 20, 1, 22, 1, 1, '2018-01-25 03:22:53', NULL),
(99, 75, 20, 1, 22, 1, 1, '2018-01-27 21:15:43', NULL),
(100, 76, 20, 12, 22, 1, 1, '2018-01-28 00:09:45', NULL),
(101, 76, 72, 14, 200, 1, 1, '2018-01-28 00:09:45', NULL),
(102, 76, 67, 12, 333, 1, 1, '2018-01-28 00:09:45', NULL),
(103, 76, 61, 10, 100, 1, 1, '2018-01-28 00:09:45', NULL),
(104, 77, 20, 10, 223, 1, 1, '2018-01-28 00:22:29', NULL),
(105, 78, 19, 1, 777, 1, 1, '2018-01-28 00:23:26', NULL),
(106, 79, 19, 1, 777, 1, 1, '2018-01-28 02:23:27', NULL),
(107, 80, 19, 1, 777, 1, 1, '2018-01-28 02:59:50', NULL),
(108, 81, 19, 1, 777, 1, 1, '2018-01-29 04:03:49', NULL),
(109, 81, 72, 1, 200, 1, 1, '2018-01-29 04:03:49', NULL),
(110, 81, 67, 1, 333, 1, 1, '2018-01-29 04:03:50', NULL),
(111, 81, 44, 1, 200, 1, 1, '2018-01-29 04:03:50', NULL),
(112, 82, 20, 3, 22, 1, 1, '2018-02-08 02:13:57', NULL),
(113, 82, 19, 1, 777, 1, 1, '2018-02-08 02:13:57', NULL),
(114, 82, 72, 2, 200, 1, 1, '2018-02-08 02:13:58', NULL),
(115, 82, 22, 1, 222, 1, 1, '2018-02-08 02:13:58', NULL),
(116, 83, 19, 1, 777, 1, 1, '2018-02-08 02:15:10', NULL),
(117, 84, 22, 1, 222, 1, 1, '2018-02-08 02:15:34', NULL),
(118, 85, 20, 1, 22, 1, 1, '2018-02-08 02:16:51', NULL),
(119, 86, 20, 1, 22, 1, 1, '2018-02-08 02:20:03', NULL),
(120, 87, 20, 1, 22, 1, 1, '2018-02-09 21:47:53', NULL),
(121, 87, 69, 1, 2222, 1, 1, '2018-02-09 21:47:53', NULL),
(122, 87, 67, 1, 333, 1, 1, '2018-02-09 21:47:54', NULL),
(123, 88, 19, 1, 777, 1, 1, '2018-02-09 21:50:37', NULL),
(124, 92, 19, 1, 777, 1, 1, '2018-02-11 16:30:37', NULL),
(125, 93, 72, 1, 200, 1, 1, '2018-02-11 16:32:17', NULL),
(126, 94, 19, 1, 777, 1, 1, '2018-02-12 23:42:42', NULL),
(127, 95, 20, 1, 22, 1, 1, '2018-02-12 23:55:58', NULL),
(128, 96, 19, 1, 777, 1, 1, '2018-02-13 00:01:14', NULL),
(129, 97, 20, 1, 22, 1, 1, '2018-02-13 00:01:59', NULL),
(130, 98, 20, 1, 22, 1, 1, '2018-02-13 00:02:27', NULL),
(131, 99, 20, 1, 22, 1, 1, '2018-02-13 00:03:34', NULL),
(132, 100, 19, 1, 777, 1, 1, '2018-02-13 00:51:19', NULL),
(133, 100, 20, 1, 22, 1, 1, '2018-02-13 00:51:19', NULL),
(134, 101, 20, 1, 22, 1, 1, '2018-02-13 00:51:47', NULL),
(135, 102, 19, 1, 777, 1, 1, '2018-02-13 00:53:18', NULL),
(136, 103, 19, 1, 777, 1, 1, '2018-02-13 00:58:54', NULL),
(137, 104, 20, 1, 22, 1, 1, '2018-02-13 01:00:19', NULL),
(138, 105, 19, 1, 777, 1, 1, '2018-02-13 01:00:41', NULL),
(139, 106, 20, 1, 22, 1, 1, '2018-02-13 01:02:59', NULL),
(140, 107, 20, 1, 22.22, 1, 1, '2018-02-13 01:04:33', NULL),
(141, 108, 20, 1, 22, 1, 1, '2018-02-15 01:22:26', NULL),
(142, 109, 20, 1, 22, 1, 1, '2018-02-15 01:33:22', NULL),
(143, 110, 20, 1, 22, 1, 1, '2018-02-15 01:34:39', NULL),
(144, 111, 20, 1, 22, 1, 1, '2018-02-15 01:35:07', NULL),
(145, 112, 20, 1, 22, 1, 1, '2018-02-15 01:35:38', NULL),
(146, 113, 20, 1, 22, 1, 1, '2018-02-15 01:42:38', NULL),
(147, 114, 20, 1, 22, 1, 1, '2018-02-15 01:43:34', NULL),
(148, 115, 22, 1, 222, 1, 1, '2018-02-15 01:45:57', NULL),
(149, 116, 20, 1, 22, 1, 1, '2018-02-15 01:47:29', NULL),
(150, 117, 20, 1, 78, 1, 1, '2018-02-20 01:34:57', NULL),
(151, 118, 22, 1, 222, 1, 1, '2018-02-20 01:43:00', NULL),
(152, 119, 72, 1, 200, 1, 1, '2018-02-20 01:45:08', NULL),
(153, 120, 19, 1, 777, 1, 1, '2018-02-20 01:46:48', NULL),
(154, 120, 22, 1, 222, 1, 1, '2018-02-20 01:46:49', NULL),
(155, 121, 72, 1, 200, 1, 1, '2018-02-20 02:20:46', NULL),
(156, 122, 72, 1, 200, 1, 1, '2018-02-20 02:28:51', NULL),
(157, 123, 72, 1, 200, 1, 1, '2018-02-20 02:30:25', NULL),
(158, 124, 72, 1, 200, 1, 1, '2018-02-20 02:32:21', NULL),
(159, 125, 72, 1, 200, 1, 1, '2018-02-20 02:51:56', NULL),
(160, 126, 72, 1, 200, 1, 1, '2018-02-22 00:06:25', NULL);

-- --------------------------------------------------------

--
-- Table structure for table `products`
--

CREATE TABLE `products` (
  `id` int(30) NOT NULL,
  `barcode` varchar(15) NOT NULL,
  `product_name` varchar(100) NOT NULL,
  `product_model` varchar(100) NOT NULL,
  `size` double DEFAULT NULL,
  `base_price` double DEFAULT NULL,
  `added_by` int(15) NOT NULL,
  `updated_by` int(2) NOT NULL DEFAULT '0',
  `active` tinyint(4) NOT NULL DEFAULT '1',
  `created` datetime DEFAULT CURRENT_TIMESTAMP,
  `updated` datetime NOT NULL DEFAULT CURRENT_TIMESTAMP ON UPDATE CURRENT_TIMESTAMP,
  `deleted` datetime DEFAULT NULL
) ENGINE=InnoDB DEFAULT CHARSET=latin1;

--
-- Dumping data for table `products`
--

INSERT INTO `products` (`id`, `barcode`, `product_name`, `product_model`, `size`, `base_price`, `added_by`, `updated_by`, `active`, `created`, `updated`, `deleted`) VALUES
(1, '123456789', 'Poly', 'p100', 22, 50, 0, 0, 1, '2017-10-30 21:57:24', '2018-01-13 21:24:09', NULL),
(2, '987654321', 'Sign', 's200', 50, 100, 0, 0, 1, '2017-10-30 21:57:24', '2018-01-13 21:24:11', NULL),
(8, '526452625', '22', '22', 22, 22, 2, 0, 1, '2017-11-02 02:48:15', '2017-11-08 21:30:02', NULL),
(11, '572469182', 'dfgfd', 'sdfgsdf', 0, 0, 2, 0, 1, '2017-11-02 21:18:11', '2017-11-08 21:39:49', NULL),
(12, '-51067032', 'aws', 'swa', 12, 21, 2, 0, 1, '2017-11-02 21:41:34', '2017-11-08 21:39:47', NULL),
(13, '-57708597', '3', '3', 33, 333, 2, 0, 1, '2017-11-02 22:04:46', '0000-00-00 00:00:00', NULL),
(14, '787964247', '4', '4', 4, 4, 2, 0, 1, '2017-11-02 22:05:37', '0000-00-00 00:00:00', NULL),
(15, '644103205', 'qq', 'qq', 0, 11, 2, 0, 1, '2017-11-02 23:01:55', '0000-00-00 00:00:00', NULL),
(16, '-404255970', '44', '444', 44, 44, 2, 0, 1, '2017-11-02 23:06:37', '0000-00-00 00:00:00', NULL),
(17, '-274093156', 'ww', 'ww', 0, 11111, 2, 0, 1, '2017-11-02 23:08:18', '0000-00-00 00:00:00', NULL),
(18, '-508030423', '888', '888', 888, 888, 2, 0, 1, '2017-11-02 23:08:35', '0000-00-00 00:00:00', NULL),
(19, '-716113027', '777', '77', 777, 777, 2, 0, 1, '2017-11-02 23:09:11', '0000-00-00 00:00:00', NULL),
(20, '73462312', 'eee', 'eee', 0, 22, 2, 0, 1, '2017-11-02 23:13:12', '0000-00-00 00:00:00', NULL),
(21, '-424477164', 'ee', 'ee', 0, 123, 2, 0, 1, '2017-11-02 23:14:02', '0000-00-00 00:00:00', NULL),
(22, '-140372361', 'asxa', 'asxa', 0, 222, 2, 0, 1, '2017-11-02 23:19:14', '0000-00-00 00:00:00', NULL),
(23, '738864106', 'dr', 'rr', 0, 22, 2, 0, 1, '2017-11-02 23:22:54', '0000-00-00 00:00:00', NULL),
(24, '845366344', '222', '22222', 222, 2222, 2, 0, 1, '2017-11-02 23:23:44', '0000-00-00 00:00:00', NULL),
(25, '613801065', 'ddd', 'ddd', 0, 45, 2, 0, 1, '2017-11-02 23:24:27', '0000-00-00 00:00:00', NULL),
(26, '-19341699', 'szdv', 'sdvs', 0, 222, 2, 0, 1, '2017-11-02 23:59:33', '0000-00-00 00:00:00', NULL),
(27, '-656398242', 'sdds', 'dsdsd', 0, 222, 2, 0, 1, '2017-11-03 00:01:26', '0000-00-00 00:00:00', NULL),
(28, '-675196243', 'ZxX', 'axa', 0, 222, 2, 0, 1, '2017-11-03 00:04:32', '0000-00-00 00:00:00', NULL),
(29, '-186863316', 'ddd', 'dd', 0, 4444, 2, 0, 1, '2017-11-03 00:06:50', '0000-00-00 00:00:00', NULL),
(30, '43397371', 'ddd33', 'dd33', 0, 444433, 2, 0, 1, '2017-11-03 00:07:02', '0000-00-00 00:00:00', NULL),
(31, '275792846', '33', '33', 33, 333, 2, 0, 1, '2017-11-03 00:07:15', '0000-00-00 00:00:00', NULL),
(32, '619434535', '22', '22', 222, 2222222, 2, 0, 1, '2017-11-03 00:08:15', '0000-00-00 00:00:00', NULL),
(33, '-148674317', '2244', '22', 22244, 222222244, 2, 0, 1, '2017-11-03 00:08:24', '0000-00-00 00:00:00', NULL),
(34, '-186270319', '333', '333', 3333, 2222222, 2, 0, 1, '2017-11-03 00:23:48', '0000-00-00 00:00:00', NULL),
(35, '828110135', 'dd', 'dd', 0, 222, 2, 0, 1, '2017-11-03 00:24:19', '0000-00-00 00:00:00', NULL),
(37, '764185072', '11', '11', 11, 11, 2, 0, 1, '2017-11-03 00:30:06', '0000-00-00 00:00:00', NULL),
(38, '-550192501', '22', '22', 22, 22, 2, 0, 1, '2017-11-03 00:30:45', '0000-00-00 00:00:00', NULL),
(39, '-19875396', 'des', 'ss', 0, 123, 2, 0, 1, '2017-11-04 12:36:08', '0000-00-00 00:00:00', NULL),
(40, '1291259799', '44', '44', 44, 444444444, 2, 0, 1, '2017-11-04 23:40:15', '0000-00-00 00:00:00', NULL),
(41, '1266715538', 'quest', 'q100', 122, 2000, 2, 0, 1, '2017-11-05 15:19:29', '0000-00-00 00:00:00', NULL),
(42, '1306604557', 'ss', 'sss', 12, 12, 2, 0, 1, '2017-11-05 15:26:51', '0000-00-00 00:00:00', NULL),
(43, '1242116135', '1111111', '11111', 1111, 1111111, 2, 0, 1, '2017-11-05 15:28:55', '2017-11-24 00:54:02', NULL),
(44, '1254912113', 'qwqw', 'qwqw', 12111, 200, 2, 1, 1, '2017-11-05 22:52:53', '2018-01-28 19:24:57', NULL),
(46, '1292099181', 'erthe', 'th', 22, 22, 2, 0, 1, '2017-11-06 00:18:27', '2017-11-08 23:30:45', NULL),
(48, '1247440389', '111', '1111111', 11111111, 222, 2, 1, 1, '2017-11-06 00:20:07', '2018-01-28 19:25:05', NULL),
(49, '1231832175', '4444', '444444', 444, 44444, 2, 1, 1, '2017-11-06 00:20:43', '2018-01-28 19:25:10', NULL),
(50, '1260570282', 'rfr', 'frf', 44, 666, 2, 0, 1, '2017-11-06 00:21:09', '2018-01-28 19:25:14', NULL),
(51, '1251689377', 'sdqasd', 'asdasd', 123, 123, 2, 0, 1, '2017-11-07 11:35:47', '2018-01-28 19:25:21', NULL),
(57, '1286517598', 'dfawdfad', 'fawdfawdf', 0, 12222, 2, 0, 1, '2017-11-08 02:09:06', '2017-11-08 23:43:22', NULL),
(58, '1298627366', 'qwerty', 'q222', 0, 1234, 2, 0, 1, '2017-11-08 02:10:37', '2017-11-08 23:30:49', NULL),
(60, '1221872940', 'ghjdr', 'yjdryjdry', 12233, 342, 2, 1, 1, '2017-11-23 23:58:20', '2018-01-21 22:48:56', NULL),
(61, '1243528379', 'Hamba', 'h100', 12345, 100, 2, 0, 1, '2017-11-24 22:53:10', '2017-11-24 22:57:24', NULL),
(62, '1308108705', 'zdfgsfe', 'fsehst', 12, 232112, 2, 0, 1, '2017-11-25 01:02:26', '2017-11-25 01:02:26', NULL),
(63, '1225693046', '22222', '2222', 12, 221, 2, 1, 1, '2017-11-25 01:03:35', '2018-01-21 22:48:34', NULL),
(64, '1275262528', 'rwerwerw', '3ewqdq', 121, 1233, 2, 2, 1, '2017-11-25 01:05:09', '2017-11-29 01:12:44', NULL),
(66, '1296531975', 'ddfhdf', 'ffgnfghasdaserf4r333', 22, 3436, 2, 1, 1, '2017-11-26 23:23:34', '2018-01-21 22:48:29', NULL),
(67, '1236513107', 'dfbdf', 'ffgnfghasdaserf4r333', 22, 333, 2, 1, 1, '2017-11-26 23:24:52', '2018-01-21 22:48:08', NULL),
(68, '1286058082', 'sdfsd', 'ffgnfghasdaserf4rsdvsdv', 0, 555, 2, 2, 1, '2017-11-26 23:25:49', '2017-11-29 01:17:35', NULL),
(69, '1303510486', 'sdfsdsdfsdfsdf', 'ffgnfghasdaserf4rsdvsdv', 0, 2222, 2, 2, 1, '2017-11-26 23:26:25', '2017-11-29 01:17:25', NULL),
(70, '1281426165', 'new names2', 'ffgnfghasdaserf4rsdvsdv', 0, 342, 2, 1, 1, '2017-11-26 23:26:49', '2018-01-21 22:48:22', NULL),
(71, '1240443498', 'ersesethseth', 'ffgnfghasdaserf4rsdvsdv', 3242333, 3423, 2, 1, 1, '2017-11-28 01:16:07', '2018-01-21 22:48:18', NULL),
(72, '1298756031', 'Harficc', 'H22', 12, 200, 2, 0, 1, '2017-12-02 21:02:12', '2017-12-02 21:02:12', NULL),
(73, '1226728488', 'egg', 'egg', 0, 8, 2, 0, 1, '2017-12-13 01:58:23', '2017-12-13 01:58:23', NULL);

-- --------------------------------------------------------

--
-- Table structure for table `sales`
--

CREATE TABLE `sales` (
  `id` int(11) NOT NULL,
  `invoice` varchar(30) NOT NULL,
  `customer_id` int(15) NOT NULL,
  `total` float NOT NULL,
  `paid` float NOT NULL,
  `due` float NOT NULL,
  `payment_method` varchar(10) NOT NULL,
  `added_by` int(2) NOT NULL,
  `active` tinyint(4) NOT NULL DEFAULT '1',
  `created` datetime NOT NULL DEFAULT CURRENT_TIMESTAMP,
  `updated` datetime NOT NULL DEFAULT '0000-00-00 00:00:00' ON UPDATE CURRENT_TIMESTAMP,
  `deleted` varchar(4) DEFAULT NULL
) ENGINE=InnoDB DEFAULT CHARSET=latin1;

--
-- Dumping data for table `sales`
--

INSERT INTO `sales` (`id`, `invoice`, `customer_id`, `total`, `paid`, `due`, `payment_method`, `added_by`, `active`, `created`, `updated`, `deleted`) VALUES
(2, '', 6, 3130, 700, 2430, 'Cash', 2, 0, '2017-12-17 02:18:12', '0000-00-00 00:00:00', NULL),
(3, '', 6, 3284, 700, 2584, 'Cash', 2, 0, '2017-12-17 02:18:28', '0000-00-00 00:00:00', NULL),
(5, 'POS121617151345776515', 2, 777, 777, 0, 'Cash', 2, 1, '2017-12-17 02:56:05', '2017-12-17 03:24:23', NULL),
(6, 'POS12161715134578763', 2, 7770, 7000, 770, 'Cash', 2, 1, '2017-12-17 02:57:56', '2017-12-17 03:09:59', NULL),
(7, 'POS121617151345800328', 9, 222, 0, 222, '', 2, 1, '2017-12-17 03:00:03', '2017-12-17 03:22:55', NULL),
(8, 'POS121617151345801319', 9, 222, 200, 22, 'Cash', 2, 1, '2017-12-17 03:00:13', '2017-12-17 03:24:25', NULL),
(9, 'POS121617151345993182', 9, 27400, 27000, 400, 'Cash', 2, 1, '2017-12-17 03:32:11', '0000-00-00 00:00:00', NULL),
(10, 'POS12161715134628545', 10, 97340, 97000, 340, 'Cash', 1, 1, '2017-12-17 04:20:54', '0000-00-00 00:00:00', NULL),
(11, 'POS01131815158376393', 0, 3333350, 3333350, 0, '', 1, 1, '2018-01-13 16:00:39', '2018-01-28 02:06:26', NULL),
(12, 'POS011318151583770164', 0, 300, 200, 100, 'Cash', 1, 1, '2018-01-13 16:01:41', '0000-00-00 00:00:00', NULL),
(13, 'POS011318151583773489', 0, 300, 200, 100, 'Cash', 1, 1, '2018-01-13 16:02:14', '0000-00-00 00:00:00', NULL),
(14, 'POS011318151583779859', 0, 300, 200, 100, 'Cash', 1, 1, '2018-01-13 16:03:18', '0000-00-00 00:00:00', NULL),
(15, 'POS011318151583783736', 0, 10200, 200, 10000, 'Cash', 1, 1, '2018-01-13 16:03:57', '0000-00-00 00:00:00', NULL),
(16, 'POS011318151583786349', 10, 14000, 200, 13800, 'Cash', 1, 1, '2018-01-13 16:04:23', '0000-00-00 00:00:00', NULL),
(17, 'POS011318151583803725', 10, 35000, 20000, 15000, 'Cash', 1, 1, '2018-01-13 16:07:17', '0000-00-00 00:00:00', NULL),
(18, 'POS011318151585712112', 8, 7864, 7000, 864, 'Cash', 1, 1, '2018-01-13 21:25:21', '0000-00-00 00:00:00', NULL),
(19, 'POS011318151585716380', 8, 7864, 7000, 864, 'Cash', 1, 1, '2018-01-13 21:26:03', '0000-00-00 00:00:00', NULL),
(20, 'POS011318151585735741', 0, 22, 22, 0, 'Cash', 1, 1, '2018-01-13 21:29:17', '0000-00-00 00:00:00', NULL),
(21, 'POS011318151585738954', 0, 264, 22, 242, 'Cash', 1, 1, '2018-01-13 21:29:49', '0000-00-00 00:00:00', NULL),
(22, 'POS011318151585823168', 0, 264, 264, 0, 'Cash', 1, 1, '2018-01-13 21:43:52', '0000-00-00 00:00:00', NULL),
(23, 'POS01131815158614998', 0, 200, 20, 180, 'Cash', 1, 1, '2018-01-13 22:38:19', '0000-00-00 00:00:00', NULL),
(24, 'POS01131815158616756', 0, 22, 3, 19, 'Cash', 1, 1, '2018-01-13 22:41:15', '0000-00-00 00:00:00', NULL),
(25, 'POS011318151586177216', 0, 22, 18, 4, 'Cash', 1, 1, '2018-01-13 22:42:52', '2018-01-21 12:15:49', NULL),
(26, 'POS011318151586647327', 10, 22, 22, 0, 'Cash', 1, 1, '2018-01-14 00:01:13', '0000-00-00 00:00:00', NULL),
(27, 'POS011318151586656147', 10, 777, 777, 0, 'Cash', 1, 1, '2018-01-14 00:02:41', '0000-00-00 00:00:00', NULL),
(28, 'POS011318151586673148', 10, 264, 264, 0, 'Cash', 1, 1, '2018-01-14 00:05:31', '2018-01-14 01:21:46', NULL),
(29, 'POS011318151586692679', 5, 2400, 100, 0, 'Cash', 1, 1, '2018-01-14 00:08:46', '2018-01-14 01:17:26', NULL),
(30, 'POS011318151587522195', 9, 22, 22, 0, 'Cash', 1, 1, '2018-01-14 02:27:01', '0000-00-00 00:00:00', NULL),
(31, 'POS011418151590614728', 10, 86658, 86658, 0, 'Cash', 1, 1, '2018-01-14 11:02:27', '0000-00-00 00:00:00', NULL),
(32, 'POS012118151656567543', 15, 22, 22, 0, 'Cash', 1, 1, '2018-01-22 02:14:35', '0000-00-00 00:00:00', NULL),
(33, 'POS012118151656580560', 15, 22, 22, 0, 'Cash', 1, 1, '2018-01-22 02:16:45', '0000-00-00 00:00:00', NULL),
(34, 'POS012118151656600224', 15, 22, 22, 0, 'Cash', 1, 1, '2018-01-22 02:20:02', '0000-00-00 00:00:00', NULL),
(35, 'POS01211815165667893', 15, 22, 22, 0, 'Cash', 1, 1, '2018-01-22 02:33:09', '0000-00-00 00:00:00', NULL),
(36, 'POS012118151656689951', 15, 42232, 42232, 0, 'Cash', 1, 1, '2018-01-22 02:34:59', '2018-01-28 02:06:01', NULL),
(37, 'POS012118151656716793', 10, 29968, 12000, 17968, 'Cash', 1, 1, '2018-01-22 02:39:27', '0000-00-00 00:00:00', NULL),
(38, 'POS012118151656788739', 15, 22, 22, 0, 'Cash', 1, 1, '2018-01-22 02:51:27', '0000-00-00 00:00:00', NULL),
(39, 'POS012118151656798415', 15, 2466, 2466, 0, 'Cash', 1, 1, '2018-01-22 02:53:04', '0000-00-00 00:00:00', NULL),
(40, 'POS012118151656805942', 15, 777, 777, 0, 'Cash', 1, 1, '2018-01-22 02:54:19', '0000-00-00 00:00:00', NULL),
(41, 'POS012118151656875425', 15, 268400, 268400, 0, 'Cash', 1, 1, '2018-01-22 03:05:54', '2018-01-28 02:05:40', NULL),
(42, 'POS01241815168205792', 15, 22, 0, 22, 'Cash', 1, 1, '2018-01-25 01:02:59', '0000-00-00 00:00:00', NULL),
(43, 'POS012418151682443054', 15, 244, 244, 0, 'Cash', 1, 1, '2018-01-25 02:07:10', '0000-00-00 00:00:00', NULL),
(44, 'POS012418151682474580', 15, 22, 22, 0, 'Cash', 1, 1, '2018-01-25 02:12:25', '0000-00-00 00:00:00', NULL),
(45, 'POS012418151682477898', 15, 22, 22, 0, 'Cash', 1, 1, '2018-01-25 02:12:58', '0000-00-00 00:00:00', NULL),
(46, 'POS012418151682512060', 15, 22, 22, 0, 'Cash', 1, 1, '2018-01-25 02:18:40', '0000-00-00 00:00:00', NULL),
(47, 'POS012418151682517766', 15, 22, 22, 0, 'Cash', 1, 1, '2018-01-25 02:19:37', '0000-00-00 00:00:00', NULL),
(48, 'POS01241815168252185', 15, 22, 22, 0, 'Cash', 1, 1, '2018-01-25 02:20:18', '0000-00-00 00:00:00', NULL),
(49, 'POS012418151682538724', 15, 22, 0, 22, 'Cash', 1, 1, '2018-01-25 02:23:07', '0000-00-00 00:00:00', NULL),
(50, 'POS012418151682543276', 15, 22, 22, 0, 'Cash', 1, 1, '2018-01-25 02:23:52', '0000-00-00 00:00:00', NULL),
(51, 'POS012418151682545445', 15, 22, 22, 0, 'Cash', 1, 1, '2018-01-25 02:24:14', '0000-00-00 00:00:00', NULL),
(52, 'POS012418151682555355', 15, 22, 0, 22, 'Cash', 1, 1, '2018-01-25 02:25:53', '0000-00-00 00:00:00', NULL),
(53, 'POS012418151682559050', 15, 22, 0, 22, 'Check', 1, 1, '2018-01-25 02:26:30', '0000-00-00 00:00:00', NULL),
(54, 'POS012418151682570984', 15, 22, 0, 22, 'Cash', 1, 1, '2018-01-25 02:28:29', '0000-00-00 00:00:00', NULL),
(55, 'POS012418151682573265', 15, 22, 0, 22, 'Cash', 1, 1, '2018-01-25 02:28:52', '0000-00-00 00:00:00', NULL),
(56, 'POS01241815168258649', 15, 22, 0, 22, 'Check', 1, 1, '2018-01-25 02:31:04', '0000-00-00 00:00:00', NULL),
(57, 'POS012418151682597335', 15, 777, 0, 777, 'Cash', 1, 1, '2018-01-25 02:32:53', '0000-00-00 00:00:00', NULL),
(58, 'POS012418151682614391', 15, 22, 0, 22, 'Cash', 1, 1, '2018-01-25 02:35:43', '0000-00-00 00:00:00', NULL),
(59, 'POS012418151682627420', 15, 22, 20, 2, 'Cash', 1, 1, '2018-01-25 02:37:54', '0000-00-00 00:00:00', NULL),
(60, 'POS012418151682647633', 15, 22, 20, 2, 'Cash', 1, 1, '2018-01-25 02:41:16', '0000-00-00 00:00:00', NULL),
(61, 'POS012418151682660420', 15, 22, 21, 1, 'Cash', 1, 1, '2018-01-25 02:43:24', '0000-00-00 00:00:00', NULL),
(62, 'POS01241815168267266', 15, 22, 21, 1, 'Cash', 1, 1, '2018-01-25 02:45:26', '0000-00-00 00:00:00', NULL),
(63, 'POS012418151682680275', 15, 22, 21, 1, 'Cash', 1, 1, '2018-01-25 02:46:42', '0000-00-00 00:00:00', NULL),
(64, 'POS012418151682687569', 15, 22, 0, 22, 'Cash', 1, 1, '2018-01-25 02:47:55', '0000-00-00 00:00:00', NULL),
(65, 'POS012418151682708292', 15, 22, 0, 22, 'Cash', 1, 1, '2018-01-25 02:51:22', '0000-00-00 00:00:00', NULL),
(66, 'POS012418151682712981', 14, 777, 777, 0, 'Cash', 1, 1, '2018-01-25 02:52:09', '0000-00-00 00:00:00', NULL),
(67, 'POS012418151682733130', 14, 22, 0, 22, 'Check', 1, 1, '2018-01-25 02:55:31', '0000-00-00 00:00:00', NULL),
(68, 'POS012418151682751128', 11, 22, 0, 22, 'Cash', 1, 1, '2018-01-25 02:58:31', '0000-00-00 00:00:00', NULL),
(69, 'POS012418151682756916', 3, 22, 0, 22, 'Cash', 1, 1, '2018-01-25 02:59:29', '0000-00-00 00:00:00', NULL),
(70, 'POS0124181516827616100', 4, 22, 0, 22, 'Cash', 1, 1, '2018-01-25 03:00:16', '0000-00-00 00:00:00', NULL),
(71, 'POS012418151682851023', 15, 22, 21, 1, 'Cash', 1, 1, '2018-01-25 03:15:10', '0000-00-00 00:00:00', NULL),
(72, 'POS012418151682856798', 12, 244, 0, 244, 'Cash', 1, 1, '2018-01-25 03:16:07', '0000-00-00 00:00:00', NULL),
(73, 'POS012418151682891278', 12, 22, 0, 22, 'Cash', 1, 1, '2018-01-25 03:21:52', '0000-00-00 00:00:00', NULL),
(74, 'POS012418151682897393', 13, 22, 22, 0, 'Cash', 1, 1, '2018-01-25 03:22:53', '0000-00-00 00:00:00', NULL),
(75, 'POS012718151706614398', 15, 22, 22, 0, 'Cash', 1, 1, '2018-01-27 21:15:43', '0000-00-00 00:00:00', NULL),
(76, 'POS012718151707658583', 15, 8060, 8000, 60, 'Cash', 1, 1, '2018-01-28 00:09:45', '0000-00-00 00:00:00', NULL),
(77, 'POS012718151707734981', 14, 2230, 2222, 8, 'Cash', 1, 1, '2018-01-28 00:22:29', '0000-00-00 00:00:00', NULL),
(78, 'POS012718151707740629', 15, 777, 0, 777, 'Cash', 1, 1, '2018-01-28 00:23:26', '0000-00-00 00:00:00', NULL),
(79, 'POS012718151708460789', 16, 777, 777, 0, 'Cash', 1, 1, '2018-01-28 02:23:27', '0000-00-00 00:00:00', NULL),
(80, 'POS012718151708679036', 15, 777, 777, 0, 'Cash', 1, 1, '2018-01-28 02:59:50', '0000-00-00 00:00:00', NULL),
(81, 'POS012818151717702924', 15, 1510, 1000, 510, 'Cash', 1, 1, '2018-01-29 04:03:49', '0000-00-00 00:00:00', NULL),
(82, 'POS020718151803443761', 15, 1465, 0, 1465, 'Cash', 1, 1, '2018-02-08 02:13:57', '0000-00-00 00:00:00', NULL),
(83, 'POS020718151803451046', 16, 777, 0, 777, 'Cash', 1, 1, '2018-02-08 02:15:10', '0000-00-00 00:00:00', NULL),
(84, 'POS020718151803453436', 16, 222, 0, 222, 'Cash', 1, 1, '2018-02-08 02:15:34', '0000-00-00 00:00:00', NULL),
(85, 'POS020718151803461169', 16, 22, 0, 22, 'Cash', 1, 1, '2018-02-08 02:16:51', '0000-00-00 00:00:00', NULL),
(86, 'POS02071815180348039', 16, 22, 0, 22, 'Cash', 1, 1, '2018-02-08 02:20:03', '0000-00-00 00:00:00', NULL),
(87, 'POS020918151819127373', 15, 2577, 0, 2577, 'Cash', 1, 1, '2018-02-09 21:47:53', '0000-00-00 00:00:00', NULL),
(88, 'POS020918151819143788', 15, 777, 0, 777, 'Check', 1, 1, '2018-02-09 21:50:37', '0000-00-00 00:00:00', NULL),
(89, 'POS021118151834485190', 15, 777, 0, 777, 'Cash', 1, 1, '2018-02-11 16:27:31', '0000-00-00 00:00:00', NULL),
(90, 'POS021118151834493067', 15, 777, 0, 777, 'Cash', 1, 1, '2018-02-11 16:28:50', '0000-00-00 00:00:00', NULL),
(91, 'POS021118151834499217', 15, 777, 0, 777, 'Cash', 1, 1, '2018-02-11 16:29:52', '0000-00-00 00:00:00', NULL),
(92, 'POS021118151834503625', 15, 777, 0, 777, 'Cash', 1, 1, '2018-02-11 16:30:36', '0000-00-00 00:00:00', NULL),
(93, 'POS021118151834513742', 15, 200, 200, 0, 'Cash', 1, 1, '2018-02-11 16:32:17', '0000-00-00 00:00:00', NULL),
(94, 'POS021218151845736266', 14, 777, 0, 777, 'Cash', 1, 1, '2018-02-12 23:42:42', '0000-00-00 00:00:00', NULL),
(95, 'POS021218151845815898', 14, 22, 0, 22, 'Cash', 1, 1, '2018-02-12 23:55:58', '0000-00-00 00:00:00', NULL),
(96, 'POS021218151845847372', 15, 777, 100, 677, 'Cash', 1, 1, '2018-02-13 00:01:13', '0000-00-00 00:00:00', NULL),
(97, 'POS021218151845851977', 14, 22, 0, 22, 'Cash', 1, 1, '2018-02-13 00:01:59', '0000-00-00 00:00:00', NULL),
(98, 'POS021218151845854717', 14, 22, 0, 22, 'Cash', 1, 1, '2018-02-13 00:02:27', '0000-00-00 00:00:00', NULL),
(99, 'POS021218151845861487', 14, 22, 0, 22, 'Cash', 1, 1, '2018-02-13 00:03:34', '0000-00-00 00:00:00', NULL),
(100, 'POS021218151846147969', 15, 799, 0, 799, 'Cash', 1, 1, '2018-02-13 00:51:19', '0000-00-00 00:00:00', NULL),
(101, 'POS02121815184615073', 14, 22, 0, 22, 'Cash', 1, 1, '2018-02-13 00:51:47', '0000-00-00 00:00:00', NULL),
(102, 'POS021218151846159892', 14, 777, 0, 777, 'Cash', 1, 1, '2018-02-13 00:53:18', '0000-00-00 00:00:00', NULL),
(103, 'POS021218151846193496', 14, 777, 0, 777, 'Cash', 1, 1, '2018-02-13 00:58:54', '0000-00-00 00:00:00', NULL),
(104, 'POS021218151846201827', 12, 22, 0, 22, 'Cash', 1, 1, '2018-02-13 01:00:18', '0000-00-00 00:00:00', NULL),
(105, 'POS021218151846204170', 12, 777, 0, 777, 'Cash', 1, 1, '2018-02-13 01:00:41', '0000-00-00 00:00:00', NULL),
(106, 'POS021218151846217937', 16, 22, 0, 22, 'Cash', 1, 1, '2018-02-13 01:02:59', '0000-00-00 00:00:00', NULL),
(107, 'POS021218151846227257', 16, 22.22, 0, 22.22, 'Cash', 1, 1, '2018-02-13 01:04:32', '0000-00-00 00:00:00', NULL),
(108, 'POS021418151863614528', 15, 22, 0, 22, 'Cash', 1, 1, '2018-02-15 01:22:25', '0000-00-00 00:00:00', NULL),
(109, 'POS021418151863680172', 15, 22, 0, 22, 'Cash', 1, 1, '2018-02-15 01:33:21', '0000-00-00 00:00:00', NULL),
(110, 'POS021418151863687875', 15, 22, 0, 22, 'Cash', 1, 1, '2018-02-15 01:34:38', '0000-00-00 00:00:00', NULL),
(111, 'POS021418151863690686', 15, 22, 0, 22, 'Cash', 1, 1, '2018-02-15 01:35:06', '0000-00-00 00:00:00', NULL),
(112, 'POS0214181518636937100', 15, 22, 0, 22, 'Cash', 1, 1, '2018-02-15 01:35:37', '0000-00-00 00:00:00', NULL),
(113, 'POS021418151863735837', 15, 22, 0, 22, 'Cash', 1, 1, '2018-02-15 01:42:38', '0000-00-00 00:00:00', NULL),
(114, 'POS02141815186374144', 13, 22, 0, 22, 'Cash', 1, 1, '2018-02-15 01:43:34', '0000-00-00 00:00:00', NULL),
(115, 'POS021418151863755776', 11, 222, 0, 222, 'Cash', 1, 1, '2018-02-15 01:45:57', '0000-00-00 00:00:00', NULL),
(116, 'POS021418151863764982', 12, 22, 20, 2, 'Cash', 1, 1, '2018-02-15 01:47:29', '0000-00-00 00:00:00', NULL),
(117, 'POS021918151906889740', 13, 78, 0, 78, 'Cash', 1, 1, '2018-02-20 01:34:57', '0000-00-00 00:00:00', NULL),
(118, 'POS021918151906938083', 15, 222, 0, 222, 'Cash', 1, 1, '2018-02-20 01:43:00', '0000-00-00 00:00:00', NULL),
(119, 'POS02191815190695089', 15, 200, 0, 200, 'Cash', 1, 1, '2018-02-20 01:45:08', '0000-00-00 00:00:00', NULL),
(120, 'POS021918151906960841', 15, 999, 0, 999, 'Cash', 1, 1, '2018-02-20 01:46:48', '0000-00-00 00:00:00', NULL),
(121, 'POS021918151907164656', 7, 200, 0, 200, 'Cash', 1, 1, '2018-02-20 02:20:46', '0000-00-00 00:00:00', NULL),
(122, 'POS021918151907213123', 7, 200, 0, 200, 'Cash', 1, 1, '2018-02-20 02:28:51', '0000-00-00 00:00:00', NULL),
(123, 'POS021918151907222584', 7, 200, 100, 100, 'Cash', 1, 1, '2018-02-20 02:30:25', '0000-00-00 00:00:00', NULL),
(124, 'POS021918151907234161', 7, 200, 500, -300, 'Cash', 1, 1, '2018-02-20 02:32:21', '0000-00-00 00:00:00', NULL),
(125, 'POS021918151907351646', 9, 200, 0, 200, 'Cash', 1, 1, '2018-02-20 02:51:56', '0000-00-00 00:00:00', NULL),
(126, 'POS022118151923638571', 15, 200, 0, 200, 'Cash', 1, 1, '2018-02-22 00:06:25', '0000-00-00 00:00:00', NULL);

-- --------------------------------------------------------

--
-- Table structure for table `suppliers`
--

CREATE TABLE `suppliers` (
  `id` int(11) NOT NULL,
  `company_name` varchar(100) NOT NULL,
  `owners_name` varchar(100) NOT NULL,
  `address` varchar(150) NOT NULL,
  `email` varchar(100) NOT NULL,
  `mobile` varchar(20) NOT NULL,
  `total_bill` float DEFAULT '0',
  `total_paid` float NOT NULL DEFAULT '0',
  `total_due` float NOT NULL DEFAULT '0',
  `active` tinyint(4) NOT NULL DEFAULT '1',
  `added_by` int(3) NOT NULL,
  `updated_by` int(3) NOT NULL DEFAULT '0',
  `created` datetime NOT NULL DEFAULT CURRENT_TIMESTAMP,
  `updated` datetime NOT NULL DEFAULT '0000-00-00 00:00:00' ON UPDATE CURRENT_TIMESTAMP,
  `deleted` varchar(4) DEFAULT NULL
) ENGINE=InnoDB DEFAULT CHARSET=latin1;

--
-- Dumping data for table `suppliers`
--

INSERT INTO `suppliers` (`id`, `company_name`, `owners_name`, `address`, `email`, `mobile`, `total_bill`, `total_paid`, `total_due`, `active`, `added_by`, `updated_by`, `created`, `updated`, `deleted`) VALUES
(4, 'Abcd', 'Efgh', 'fszdf', 'sharmin_salma077@yahoo.com', '01673706800', 0, 0, 0, 1, 2, 1, '2017-11-30 23:44:53', '2018-02-07 00:57:29', NULL),
(5, 'xyz', 'xyz', 'fszdf', 'sharmin_salma077@yahoo.com', '01673706800', 0, 0, 0, 1, 2, 1, '2017-11-30 23:46:28', '2018-02-07 00:57:46', NULL),
(6, 'Def', 'sdgawg', 'fszdf', 'sharmin_salma077@yahoo.com', '01673706800', 1200, 80, 1120, 1, 2, 1, '2017-11-30 23:47:10', '2018-02-22 03:15:18', NULL),
(7, 'Max', 'sdgawg', 'segse', 'sharmin_salma077@yahoo.com', '01673706800', 0, 0, 0, 1, 2, 1, '2017-11-30 23:47:30', '2018-02-07 00:58:12', NULL),
(8, 'Demo', 'myCompany', 'egswerghse', 'thsths@sefgse.com', '019141092371', 310, 0, 0, 1, 2, 1, '2017-11-30 23:48:45', '2018-02-22 00:04:27', NULL),
(9, 'Md. Ashraful Alam', 'zdfgzdfg', 'zdfgzsfd', 'gsz@sergs', '01673706800', 8000, 0, 0, 1, 1, 0, '2018-01-28 02:08:16', '2018-02-21 23:55:58', NULL);

-- --------------------------------------------------------

--
-- Table structure for table `suppliers_bill_pay_log`
--

CREATE TABLE `suppliers_bill_pay_log` (
  `id` int(11) NOT NULL,
  `supplier_id` int(11) NOT NULL,
  `inventory_id` int(11) DEFAULT '0',
  `amount` float NOT NULL,
  `old_total_bill` float NOT NULL,
  `updated_total_bill` float NOT NULL,
  `old_total_paid` float NOT NULL,
  `updated_total_paid` float NOT NULL,
  `old_total_due` float NOT NULL,
  `updated_total_due` float NOT NULL,
  `payment_type` tinyint(4) NOT NULL,
  `remarks` varchar(255) NOT NULL,
  `added_by` int(11) NOT NULL,
  `updated_by` int(11) NOT NULL,
  `active` int(1) NOT NULL DEFAULT '1',
  `created` datetime NOT NULL DEFAULT CURRENT_TIMESTAMP,
  `updated` datetime DEFAULT NULL ON UPDATE CURRENT_TIMESTAMP,
  `deleted` datetime DEFAULT NULL ON UPDATE CURRENT_TIMESTAMP
) ENGINE=InnoDB DEFAULT CHARSET=latin1;

--
-- Dumping data for table `suppliers_bill_pay_log`
--

INSERT INTO `suppliers_bill_pay_log` (`id`, `supplier_id`, `inventory_id`, `amount`, `old_total_bill`, `updated_total_bill`, `old_total_paid`, `updated_total_paid`, `old_total_due`, `updated_total_due`, `payment_type`, `remarks`, `added_by`, `updated_by`, `active`, `created`, `updated`, `deleted`) VALUES
(1, 9, 4, 2000, 6000, 8000, 0, 0, 0, 0, 0, 'Product Buy', 1, 0, 1, '2018-02-21 23:55:58', NULL, NULL),
(2, 8, 4, 200, 0, 200, 0, 0, 0, 0, 0, 'Product Buy', 1, 0, 1, '2018-02-21 23:57:33', NULL, NULL),
(3, 8, 4, 110, 200, 310, 0, 0, 0, 0, 0, 'Product Buy', 1, 0, 1, '2018-02-22 00:04:27', NULL, NULL),
(4, 6, 4, 1200, 0, 1200, 0, 0, 0, 1200, 0, 'Product Buy', 1, 0, 1, '2018-02-22 01:34:02', NULL, NULL),
(5, 6, 0, 20, 1200, 1200, 0, 20, 1200, 1180, 1, 'ysty', 1, 0, 1, '2018-02-22 03:08:20', NULL, NULL),
(6, 6, 0, 20, 1200, 1200, 20, 40, 1180, 1160, 1, 'Tested', 1, 0, 1, '2018-02-22 03:12:56', NULL, NULL),
(7, 6, 0, 20, 1200, 1200, 40, 60, 1160, 1140, 1, 'Tested', 1, 0, 1, '2018-02-22 03:14:19', NULL, NULL),
(8, 6, 0, 20, 1200, 1200, 60, 80, 1140, 1120, 1, 'gerg', 1, 0, 1, '2018-02-22 03:15:18', NULL, NULL);

-- --------------------------------------------------------

--
-- Table structure for table `user`
--

CREATE TABLE `user` (
  `id` int(15) NOT NULL,
  `first_name` varchar(20) DEFAULT NULL,
  `last_name` varchar(20) DEFAULT NULL,
  `username` varchar(15) NOT NULL,
  `password` varchar(15) NOT NULL,
  `created` datetime NOT NULL,
  `updated` timestamp NOT NULL DEFAULT CURRENT_TIMESTAMP ON UPDATE CURRENT_TIMESTAMP,
  `deleted` datetime NOT NULL
) ENGINE=InnoDB DEFAULT CHARSET=latin1;

--
-- Dumping data for table `user`
--

INSERT INTO `user` (`id`, `first_name`, `last_name`, `username`, `password`, `created`, `updated`, `deleted`) VALUES
(1, 'Abc', 'Def', 'admin', '123456', '2017-09-13 00:00:00', '2017-11-05 09:31:36', '0000-00-00 00:00:00'),
(2, 'Xyz', 'Pqr', 'xyz', 'xyz', '2017-09-14 00:00:00', '2017-11-05 09:31:54', '0000-00-00 00:00:00');

--
-- Indexes for dumped tables
--

--
-- Indexes for table `customers`
--
ALTER TABLE `customers`
  ADD PRIMARY KEY (`id`);

--
-- Indexes for table `customers_payment_log`
--
ALTER TABLE `customers_payment_log`
  ADD PRIMARY KEY (`id`);

--
-- Indexes for table `inventory`
--
ALTER TABLE `inventory`
  ADD PRIMARY KEY (`id`),
  ADD UNIQUE KEY `pro_id` (`product_id`);

--
-- Indexes for table `inventory_log`
--
ALTER TABLE `inventory_log`
  ADD PRIMARY KEY (`id`);

--
-- Indexes for table `login`
--
ALTER TABLE `login`
  ADD PRIMARY KEY (`id`);

--
-- Indexes for table `orders`
--
ALTER TABLE `orders`
  ADD PRIMARY KEY (`id`);

--
-- Indexes for table `products`
--
ALTER TABLE `products`
  ADD PRIMARY KEY (`id`),
  ADD UNIQUE KEY `barcode` (`barcode`);

--
-- Indexes for table `sales`
--
ALTER TABLE `sales`
  ADD PRIMARY KEY (`id`);

--
-- Indexes for table `suppliers`
--
ALTER TABLE `suppliers`
  ADD PRIMARY KEY (`id`);

--
-- Indexes for table `suppliers_bill_pay_log`
--
ALTER TABLE `suppliers_bill_pay_log`
  ADD PRIMARY KEY (`id`);

--
-- Indexes for table `user`
--
ALTER TABLE `user`
  ADD PRIMARY KEY (`id`);

--
-- AUTO_INCREMENT for dumped tables
--

--
-- AUTO_INCREMENT for table `customers`
--
ALTER TABLE `customers`
  MODIFY `id` int(11) NOT NULL AUTO_INCREMENT, AUTO_INCREMENT=17;
--
-- AUTO_INCREMENT for table `customers_payment_log`
--
ALTER TABLE `customers_payment_log`
  MODIFY `id` int(11) NOT NULL AUTO_INCREMENT, AUTO_INCREMENT=99;
--
-- AUTO_INCREMENT for table `inventory`
--
ALTER TABLE `inventory`
  MODIFY `id` int(11) NOT NULL AUTO_INCREMENT, AUTO_INCREMENT=32;
--
-- AUTO_INCREMENT for table `inventory_log`
--
ALTER TABLE `inventory_log`
  MODIFY `id` int(11) NOT NULL AUTO_INCREMENT, AUTO_INCREMENT=179;
--
-- AUTO_INCREMENT for table `login`
--
ALTER TABLE `login`
  MODIFY `id` int(15) NOT NULL AUTO_INCREMENT, AUTO_INCREMENT=43;
--
-- AUTO_INCREMENT for table `orders`
--
ALTER TABLE `orders`
  MODIFY `id` int(11) NOT NULL AUTO_INCREMENT, AUTO_INCREMENT=161;
--
-- AUTO_INCREMENT for table `products`
--
ALTER TABLE `products`
  MODIFY `id` int(30) NOT NULL AUTO_INCREMENT, AUTO_INCREMENT=74;
--
-- AUTO_INCREMENT for table `sales`
--
ALTER TABLE `sales`
  MODIFY `id` int(11) NOT NULL AUTO_INCREMENT, AUTO_INCREMENT=127;
--
-- AUTO_INCREMENT for table `suppliers`
--
ALTER TABLE `suppliers`
  MODIFY `id` int(11) NOT NULL AUTO_INCREMENT, AUTO_INCREMENT=10;
--
-- AUTO_INCREMENT for table `suppliers_bill_pay_log`
--
ALTER TABLE `suppliers_bill_pay_log`
  MODIFY `id` int(11) NOT NULL AUTO_INCREMENT, AUTO_INCREMENT=9;
--
-- AUTO_INCREMENT for table `user`
--
ALTER TABLE `user`
  MODIFY `id` int(15) NOT NULL AUTO_INCREMENT, AUTO_INCREMENT=3;COMMIT;

/*!40101 SET CHARACTER_SET_CLIENT=@OLD_CHARACTER_SET_CLIENT */;
/*!40101 SET CHARACTER_SET_RESULTS=@OLD_CHARACTER_SET_RESULTS */;
/*!40101 SET COLLATION_CONNECTION=@OLD_COLLATION_CONNECTION */;
